Dataset,Horizon,Model,Corruption,Missing_Rate,Block_Size,Checkpoint_Folder,Seq_Len,Label_Len,D_Model,E_Layers,Batch_Size,MSE,MAE,RMSE,MAPE,MSPE
ETTm2,96,DLinear,clean,0.0,24,long_term_forecast_DLinear_ETTm2_H96_seed2021_DLinear_ETTm2_ftM_sl336_ll48_pl96_dm512_nh8_el2_dl1_df2048_expand2_dc4_fc1_ebtimeF_dtTrue_test_0,336,48,512,2,32,0.16939815878868103,0.26572561264038086,0.41158008575439453,1.0266202688217163,197.6416015625
ETTm2,96,DLinear,random,0.1,24,long_term_forecast_DLinear_ETTm2_H96_seed2021_DLinear_ETTm2_ftM_sl336_ll48_pl96_dm512_nh8_el2_dl1_df2048_expand2_dc4_fc1_ebtimeF_dtTrue_test_0,336,48,512,2,32,0.24324923753738403,0.3365631401538849,0.4932030439376831,0.9865744113922119,164.8778533935547
ETTm2,96,DLinear,random,0.2,24,long_term_forecast_DLinear_ETTm2_H96_seed2021_DLinear_ETTm2_ftM_sl336_ll48_pl96_dm512_nh8_el2_dl1_df2048_expand2_dc4_fc1_ebtimeF_dtTrue_test_0,336,48,512,2,32,0.3652421832084656,0.42404836416244507,0.6043527126312256,0.9591676592826843,132.65196228027344
ETTm2,96,DLinear,random,0.3,24,long_term_forecast_DLinear_ETTm2_H96_seed2021_DLinear_ETTm2_ftM_sl336_ll48_pl96_dm512_nh8_el2_dl1_df2048_expand2_dc4_fc1_ebtimeF_dtTrue_test_0,336,48,512,2,32,0.5385112762451172,0.5250586271286011,0.7338332533836365,0.9423675537109375,104.69486999511719
ETTm2,96,DLinear,block,0.1,24,long_term_forecast_DLinear_ETTm2_H96_seed2021_DLinear_ETTm2_ftM_sl336_ll48_pl96_dm512_nh8_el2_dl1_df2048_expand2_dc4_fc1_ebtimeF_dtTrue_test_0,336,48,512,2,32,0.22453686594963074,0.31481170654296875,0.473853200674057,1.0444793701171875,194.9064178466797
ETTm2,96,DLinear,block,0.2,24,long_term_forecast_DLinear_ETTm2_H96_seed2021_DLinear_ETTm2_ftM_sl336_ll48_pl96_dm512_nh8_el2_dl1_df2048_expand2_dc4_fc1_ebtimeF_dtTrue_test_0,336,48,512,2,32,0.27585363388061523,0.3519313931465149,0.5252177119255066,1.0529563426971436,184.4747314453125
ETTm2,96,DLinear,block,0.3,24,long_term_forecast_DLinear_ETTm2_H96_seed2021_DLinear_ETTm2_ftM_sl336_ll48_pl96_dm512_nh8_el2_dl1_df2048_expand2_dc4_fc1_ebtimeF_dtTrue_test_0,336,48,512,2,32,0.36455222964286804,0.406669020652771,0.6037815809249878,1.066349983215332,174.35098266601562
ETTm2,96,PatchTST,clean,0.0,24,long_term_forecast_PatchTST_ETTm2_H96_seed2021_PatchTST_ETTm2_ftM_sl336_ll48_pl96_dm128_nh8_el3_dl1_df512_expand2_dc4_fc1_ebtimeF_dtTrue_test_0,336,48,128,3,32,0.1741941273212433,0.26267698407173157,0.417365700006485,1.0589847564697266,205.76295471191406
ETTm2,96,PatchTST,random,0.1,24,long_term_forecast_PatchTST_ETTm2_H96_seed2021_PatchTST_ETTm2_ftM_sl336_ll48_pl96_dm128_nh8_el3_dl1_df512_expand2_dc4_fc1_ebtimeF_dtTrue_test_0,336,48,128,3,32,0.24612915515899658,0.3274863660335541,0.496114045381546,1.0066570043563843,165.68052673339844
ETTm2,96,PatchTST,random,0.2,24,long_term_forecast_PatchTST_ETTm2_H96_seed2021_PatchTST_ETTm2_ftM_sl336_ll48_pl96_dm128_nh8_el3_dl1_df512_expand2_dc4_fc1_ebtimeF_dtTrue_test_0,336,48,128,3,32,0.37126654386520386,0.414724737405777,0.6093164682388306,0.9744877219200134,129.49940490722656
ETTm2,96,PatchTST,random,0.3,24,long_term_forecast_PatchTST_ETTm2_H96_seed2021_PatchTST_ETTm2_ftM_sl336_ll48_pl96_dm128_nh8_el3_dl1_df512_expand2_dc4_fc1_ebtimeF_dtTrue_test_0,336,48,128,3,32,0.5531339645385742,0.5195183157920837,0.7437297701835632,0.9617378115653992,101.13848114013672
ETTm2,96,PatchTST,block,0.1,24,long_term_forecast_PatchTST_ETTm2_H96_seed2021_PatchTST_ETTm2_ftM_sl336_ll48_pl96_dm128_nh8_el3_dl1_df512_expand2_dc4_fc1_ebtimeF_dtTrue_test_0,336,48,128,3,32,0.23474739491939545,0.32397910952568054,0.48450738191604614,1.0577558279037476,195.14967346191406
ETTm2,96,PatchTST,block,0.2,24,long_term_forecast_PatchTST_ETTm2_H96_seed2021_PatchTST_ETTm2_ftM_sl336_ll48_pl96_dm128_nh8_el3_dl1_df512_expand2_dc4_fc1_ebtimeF_dtTrue_test_0,336,48,128,3,32,0.2740473449230194,0.35387176275253296,0.5234953165054321,1.0584313869476318,194.38665771484375
ETTm2,96,PatchTST,block,0.3,24,long_term_forecast_PatchTST_ETTm2_H96_seed2021_PatchTST_ETTm2_ftM_sl336_ll48_pl96_dm128_nh8_el3_dl1_df512_expand2_dc4_fc1_ebtimeF_dtTrue_test_0,336,48,128,3,32,0.40365710854530334,0.43195271492004395,0.63534015417099,1.062171220779419,178.78944396972656
ETTm2,96,PFB-Direct,clean,0.0,24,long_term_forecast_CapMatch_MS2021_ETTm2_96_PFB-Direct_ETTm2_ftM_sl336_ll96_pl96_dm128_nh8_el3_dl1_df512_expand2_dc4_fc3_ebtimeF_dtTrue_capmatch_0,336,96,128,3,32,0.1679251790046692,0.25711220502853394,0.40978676080703735,1.0629920959472656,215.6056365966797
ETTm2,96,PFB-Direct,random,0.1,24,long_term_forecast_CapMatch_MS2021_ETTm2_96_PFB-Direct_ETTm2_ftM_sl336_ll96_pl96_dm128_nh8_el3_dl1_df512_expand2_dc4_fc3_ebtimeF_dtTrue_capmatch_0,336,96,128,3,32,0.23391477763652802,0.3232927620410919,0.4836473762989044,1.0250940322875977,177.92877197265625
ETTm2,96,PFB-Direct,random,0.2,24,long_term_forecast_CapMatch_MS2021_ETTm2_96_PFB-Direct_ETTm2_ftM_sl336_ll96_pl96_dm128_nh8_el3_dl1_df512_expand2_dc4_fc3_ebtimeF_dtTrue_capmatch_0,336,96,128,3,32,0.34559330344200134,0.4075257480144501,0.5878718495368958,0.9939311146736145,141.97805786132812
ETTm2,96,PFB-Direct,random,0.3,24,long_term_forecast_CapMatch_MS2021_ETTm2_96_PFB-Direct_ETTm2_ftM_sl336_ll96_pl96_dm128_nh8_el3_dl1_df512_expand2_dc4_fc3_ebtimeF_dtTrue_capmatch_0,336,96,128,3,32,0.5104695558547974,0.5078803896903992,0.7144715189933777,0.9734827280044556,111.8812026977539
ETTm2,96,PFB-Direct,block,0.1,24,long_term_forecast_CapMatch_MS2021_ETTm2_96_PFB-Direct_ETTm2_ftM_sl336_ll96_pl96_dm128_nh8_el3_dl1_df512_expand2_dc4_fc3_ebtimeF_dtTrue_capmatch_0,336,96,128,3,32,0.22067947685718536,0.3105057179927826,0.4697653353214264,1.072412133216858,222.23037719726562
ETTm2,96,PFB-Direct,block,0.2,24,long_term_forecast_CapMatch_MS2021_ETTm2_96_PFB-Direct_ETTm2_ftM_sl336_ll96_pl96_dm128_nh8_el3_dl1_df512_expand2_dc4_fc3_ebtimeF_dtTrue_capmatch_0,336,96,128,3,32,0.2667231857776642,0.34529733657836914,0.5164524912834167,1.06421959400177,202.00563049316406
ETTm2,96,PFB-Direct,block,0.3,24,long_term_forecast_CapMatch_MS2021_ETTm2_96_PFB-Direct_ETTm2_ftM_sl336_ll96_pl96_dm128_nh8_el3_dl1_df512_expand2_dc4_fc3_ebtimeF_dtTrue_capmatch_0,336,96,128,3,32,0.3554536998271942,0.4045892357826233,0.5961993932723999,1.0533050298690796,178.05369567871094
ETTm2,96,PFB-Projected,clean,0.0,24,long_term_forecast_CapMatch_MS2021_ETTm2_96_PFB-Projected_ETTm2_ftM_sl336_ll96_pl96_dm128_nh8_el3_dl1_df512_expand2_dc4_fc3_ebtimeF_dtTrue_capmatch_0,336,96,128,3,32,0.1695358157157898,0.25669148564338684,0.4117472767829895,1.0313113927841187,194.1164093017578
ETTm2,96,PFB-Projected,random,0.1,24,long_term_forecast_CapMatch_MS2021_ETTm2_96_PFB-Projected_ETTm2_ftM_sl336_ll96_pl96_dm128_nh8_el3_dl1_df512_expand2_dc4_fc3_ebtimeF_dtTrue_capmatch_0,336,96,128,3,32,0.2309749573469162,0.3126560151576996,0.4805985391139984,0.9873969554901123,156.6564483642578
ETTm2,96,PFB-Projected,random,0.2,24,long_term_forecast_CapMatch_MS2021_ETTm2_96_PFB-Projected_ETTm2_ftM_sl336_ll96_pl96_dm128_nh8_el3_dl1_df512_expand2_dc4_fc3_ebtimeF_dtTrue_capmatch_0,336,96,128,3,32,0.31295689940452576,0.3817395269870758,0.5594255328178406,0.9539079666137695,125.08375549316406
ETTm2,96,PFB-Projected,random,0.3,24,long_term_forecast_CapMatch_MS2021_ETTm2_96_PFB-Projected_ETTm2_ftM_sl336_ll96_pl96_dm128_nh8_el3_dl1_df512_expand2_dc4_fc3_ebtimeF_dtTrue_capmatch_0,336,96,128,3,32,0.4455512762069702,0.47091639041900635,0.6674962639808655,0.9340015649795532,98.82971954345703
ETTm2,96,PFB-Projected,block,0.1,24,long_term_forecast_CapMatch_MS2021_ETTm2_96_PFB-Projected_ETTm2_ftM_sl336_ll96_pl96_dm128_nh8_el3_dl1_df512_expand2_dc4_fc3_ebtimeF_dtTrue_capmatch_0,336,96,128,3,32,0.22065973281860352,0.31031283736228943,0.46974432468414307,1.0299537181854248,186.5629119873047
ETTm2,96,PFB-Projected,block,0.2,24,long_term_forecast_CapMatch_MS2021_ETTm2_96_PFB-Projected_ETTm2_ftM_sl336_ll96_pl96_dm128_nh8_el3_dl1_df512_expand2_dc4_fc3_ebtimeF_dtTrue_capmatch_0,336,96,128,3,32,0.2667331397533417,0.34442639350891113,0.5164621472358704,1.0227559804916382,172.81973266601562
ETTm2,96,PFB-Projected,block,0.3,24,long_term_forecast_CapMatch_MS2021_ETTm2_96_PFB-Projected_ETTm2_ftM_sl336_ll96_pl96_dm128_nh8_el3_dl1_df512_expand2_dc4_fc3_ebtimeF_dtTrue_capmatch_0,336,96,128,3,32,0.3529358208179474,0.3996203541755676,0.5940840244293213,1.0103538036346436,155.1712646484375
ETTm2,192,DLinear,clean,0.0,24,long_term_forecast_DLinear_MS2021_ETTm2_192_DLinear_ETTm2_ftM_sl336_ll96_pl192_dm512_nh8_el2_dl1_df2048_expand2_dc4_fc3_ebtimeF_dtTrue_multiseed_h192_0,336,96,512,2,32,0.23572883009910583,0.31527718901634216,0.485519140958786,1.1286134719848633,209.4220733642578
ETTm2,192,DLinear,random,0.1,24,long_term_forecast_DLinear_MS2021_ETTm2_192_DLinear_ETTm2_ftM_sl336_ll96_pl192_dm512_nh8_el2_dl1_df2048_expand2_dc4_fc3_ebtimeF_dtTrue_multiseed_h192_0,336,96,512,2,32,0.3151169717311859,0.3830854892730713,0.5613527894020081,1.0774338245391846,173.4727325439453
ETTm2,192,DLinear,random,0.2,24,long_term_forecast_DLinear_MS2021_ETTm2_192_DLinear_ETTm2_ftM_sl336_ll96_pl192_dm512_nh8_el2_dl1_df2048_expand2_dc4_fc3_ebtimeF_dtTrue_multiseed_h192_0,336,96,512,2,32,0.4397171437740326,0.4657628834247589,0.663111686706543,1.0388301610946655,140.0867919921875
ETTm2,192,DLinear,random,0.3,24,long_term_forecast_DLinear_MS2021_ETTm2_192_DLinear_ETTm2_ftM_sl336_ll96_pl192_dm512_nh8_el2_dl1_df2048_expand2_dc4_fc3_ebtimeF_dtTrue_multiseed_h192_0,336,96,512,2,32,0.6132957339286804,0.561113178730011,0.783132016658783,1.0105643272399902,110.57190704345703
ETTm2,192,DLinear,block,0.1,24,long_term_forecast_DLinear_MS2021_ETTm2_192_DLinear_ETTm2_ftM_sl336_ll96_pl192_dm512_nh8_el2_dl1_df2048_expand2_dc4_fc3_ebtimeF_dtTrue_multiseed_h192_0,336,96,512,2,32,0.2916155755519867,0.35871389508247375,0.5400144457817078,1.1340910196304321,202.936767578125
ETTm2,192,DLinear,block,0.2,24,long_term_forecast_DLinear_MS2021_ETTm2_192_DLinear_ETTm2_ftM_sl336_ll96_pl192_dm512_nh8_el2_dl1_df2048_expand2_dc4_fc3_ebtimeF_dtTrue_multiseed_h192_0,336,96,512,2,32,0.3439347743988037,0.3933658003807068,0.5864595174789429,1.133381724357605,189.74534606933594
ETTm2,192,DLinear,block,0.3,24,long_term_forecast_DLinear_MS2021_ETTm2_192_DLinear_ETTm2_ftM_sl336_ll96_pl192_dm512_nh8_el2_dl1_df2048_expand2_dc4_fc3_ebtimeF_dtTrue_multiseed_h192_0,336,96,512,2,32,0.4352256953716278,0.44693857431411743,0.6597163677215576,1.134143352508545,177.47698974609375
ETTm2,192,PatchTST,clean,0.0,24,long_term_forecast_PatchTST_MS2021_ETTm2_192_PatchTST_ETTm2_ftM_sl336_ll96_pl192_dm128_nh8_el3_dl1_df512_expand2_dc4_fc3_ebtimeF_dtTrue_multiseed_h192_0,336,96,128,3,32,0.22819937765598297,0.30184659361839294,0.47770217061042786,1.2074114084243774,236.75086975097656
ETTm2,192,PatchTST,random,0.1,24,long_term_forecast_PatchTST_MS2021_ETTm2_192_PatchTST_ETTm2_ftM_sl336_ll96_pl192_dm128_nh8_el3_dl1_df512_expand2_dc4_fc3_ebtimeF_dtTrue_multiseed_h192_0,336,96,128,3,32,0.29112857580184937,0.3585469424724579,0.5395632982254028,1.1423135995864868,192.40936279296875
ETTm2,192,PatchTST,random,0.2,24,long_term_forecast_PatchTST_MS2021_ETTm2_192_PatchTST_ETTm2_ftM_sl336_ll96_pl192_dm128_nh8_el3_dl1_df512_expand2_dc4_fc3_ebtimeF_dtTrue_multiseed_h192_0,336,96,128,3,32,0.3951290249824524,0.4255884289741516,0.6285929083824158,1.0945852994918823,155.4893798828125
ETTm2,192,PatchTST,random,0.3,24,long_term_forecast_PatchTST_MS2021_ETTm2_192_PatchTST_ETTm2_ftM_sl336_ll96_pl192_dm128_nh8_el3_dl1_df512_expand2_dc4_fc3_ebtimeF_dtTrue_multiseed_h192_0,336,96,128,3,32,0.5479792356491089,0.5080261826515198,0.7402561902999878,1.0632209777832031,126.51927185058594
ETTm2,192,PatchTST,block,0.1,24,long_term_forecast_PatchTST_MS2021_ETTm2_192_PatchTST_ETTm2_ftM_sl336_ll96_pl192_dm128_nh8_el3_dl1_df512_expand2_dc4_fc3_ebtimeF_dtTrue_multiseed_h192_0,336,96,128,3,32,0.3510775864124298,0.40474605560302734,0.5925180315971375,1.1987195014953613,210.0399932861328
ETTm2,192,PatchTST,block,0.2,24,long_term_forecast_PatchTST_MS2021_ETTm2_192_PatchTST_ETTm2_ftM_sl336_ll96_pl192_dm128_nh8_el3_dl1_df512_expand2_dc4_fc3_ebtimeF_dtTrue_multiseed_h192_0,336,96,128,3,32,0.45869699120521545,0.4598579704761505,0.6772717237472534,1.2037527561187744,203.9337921142578
ETTm2,192,PatchTST,block,0.3,24,long_term_forecast_PatchTST_MS2021_ETTm2_192_PatchTST_ETTm2_ftM_sl336_ll96_pl192_dm128_nh8_el3_dl1_df512_expand2_dc4_fc3_ebtimeF_dtTrue_multiseed_h192_0,336,96,128,3,32,0.5609166026115417,0.5058054327964783,0.7489436864852905,1.2001272439956665,189.51466369628906
ETTm2,192,PFB-Direct,clean,0.0,24,long_term_forecast_PFB-Direct_MS2021_ETTm2_192_PFB-Direct_ETTm2_ftM_sl336_ll96_pl192_dm128_nh8_el3_dl1_df512_expand2_dc4_fc3_ebtimeF_dtTrue_multiseed_h192_0,336,96,128,3,32,0.23469436168670654,0.29971960186958313,0.48445263504981995,1.1638927459716797,206.93789672851562
ETTm2,192,PFB-Direct,random,0.1,24,long_term_forecast_PFB-Direct_MS2021_ETTm2_192_PFB-Direct_ETTm2_ftM_sl336_ll96_pl192_dm128_nh8_el3_dl1_df512_expand2_dc4_fc3_ebtimeF_dtTrue_multiseed_h192_0,336,96,128,3,32,0.2717665433883667,0.3421742618083954,0.5213123559951782,1.1090842485427856,174.1876983642578
ETTm2,192,PFB-Direct,random,0.2,24,long_term_forecast_PFB-Direct_MS2021_ETTm2_192_PFB-Direct_ETTm2_ftM_sl336_ll96_pl192_dm128_nh8_el3_dl1_df512_expand2_dc4_fc3_ebtimeF_dtTrue_multiseed_h192_0,336,96,128,3,32,0.3518778681755066,0.40716564655303955,0.5931929349899292,1.0635507106781006,142.00875854492188
ETTm2,192,PFB-Direct,random,0.3,24,long_term_forecast_PFB-Direct_MS2021_ETTm2_192_PFB-Direct_ETTm2_ftM_sl336_ll96_pl192_dm128_nh8_el3_dl1_df512_expand2_dc4_fc3_ebtimeF_dtTrue_multiseed_h192_0,336,96,128,3,32,0.482770711183548,0.4918746054172516,0.6948170065879822,1.0298829078674316,113.6446762084961
ETTm2,192,PFB-Direct,block,0.1,24,long_term_forecast_PFB-Direct_MS2021_ETTm2_192_PFB-Direct_ETTm2_ftM_sl336_ll96_pl192_dm128_nh8_el3_dl1_df512_expand2_dc4_fc3_ebtimeF_dtTrue_multiseed_h192_0,336,96,128,3,32,0.2995193898677826,0.35736745595932007,0.5472836494445801,1.1529505252838135,188.46755981445312
ETTm2,192,PFB-Direct,block,0.2,24,long_term_forecast_PFB-Direct_MS2021_ETTm2_192_PFB-Direct_ETTm2_ftM_sl336_ll96_pl192_dm128_nh8_el3_dl1_df512_expand2_dc4_fc3_ebtimeF_dtTrue_multiseed_h192_0,336,96,128,3,32,0.37436217069625854,0.4058806300163269,0.6118514537811279,1.1472535133361816,177.32945251464844
ETTm2,192,PFB-Direct,block,0.3,24,long_term_forecast_PFB-Direct_MS2021_ETTm2_192_PFB-Direct_ETTm2_ftM_sl336_ll96_pl192_dm128_nh8_el3_dl1_df512_expand2_dc4_fc3_ebtimeF_dtTrue_multiseed_h192_0,336,96,128,3,32,0.5475205183029175,0.49990880489349365,0.7399463057518005,1.1480791568756104,166.88072204589844
ETTm2,192,PFB-Projected,clean,0.0,24,long_term_forecast_PFB-Projected_H192_ETTm2_192_PFB-Projected_ETTm2_ftM_sl336_ll96_pl192_dm128_nh8_el3_dl1_df512_expand2_dc4_fc3_ebtimeF_dtTrue_PFB_100_0,336,96,128,3,32,0.23469649255275726,0.30013155937194824,0.48445484042167664,1.205148458480835,230.51583862304688
ETTm2,192,PFB-Projected,random,0.1,24,long_term_forecast_PFB-Projected_H192_ETTm2_192_PFB-Projected_ETTm2_ftM_sl336_ll96_pl192_dm128_nh8_el3_dl1_df512_expand2_dc4_fc3_ebtimeF_dtTrue_PFB_100_0,336,96,128,3,32,0.2932091951370239,0.3524777591228485,0.5414879322052002,1.1617181301116943,191.2548370361328
ETTm2,192,PFB-Projected,random,0.2,24,long_term_forecast_PFB-Projected_H192_ETTm2_192_PFB-Projected_ETTm2_ftM_sl336_ll96_pl192_dm128_nh8_el3_dl1_df512_expand2_dc4_fc3_ebtimeF_dtTrue_PFB_100_0,336,96,128,3,32,0.3761647641658783,0.4164382219314575,0.6133227348327637,1.1243937015533447,159.0797119140625
ETTm2,192,PFB-Projected,random,0.3,24,long_term_forecast_PFB-Projected_H192_ETTm2_192_PFB-Projected_ETTm2_ftM_sl336_ll96_pl192_dm128_nh8_el3_dl1_df512_expand2_dc4_fc3_ebtimeF_dtTrue_PFB_100_0,336,96,128,3,32,0.49648332595825195,0.49426329135894775,0.7046157121658325,1.092197060585022,131.017822265625
ETTm2,192,PFB-Projected,block,0.1,24,long_term_forecast_PFB-Projected_H192_ETTm2_192_PFB-Projected_ETTm2_ftM_sl336_ll96_pl192_dm128_nh8_el3_dl1_df512_expand2_dc4_fc3_ebtimeF_dtTrue_PFB_100_0,336,96,128,3,32,0.3350827991962433,0.3787197470664978,0.5788633823394775,1.1910520792007446,202.8605194091797
ETTm2,192,PFB-Projected,block,0.2,24,long_term_forecast_PFB-Projected_H192_ETTm2_192_PFB-Projected_ETTm2_ftM_sl336_ll96_pl192_dm128_nh8_el3_dl1_df512_expand2_dc4_fc3_ebtimeF_dtTrue_PFB_100_0,336,96,128,3,32,0.44597315788269043,0.4430280029773712,0.6678122282028198,1.1940628290176392,190.36000061035156
ETTm2,192,PFB-Projected,block,0.3,24,long_term_forecast_PFB-Projected_H192_ETTm2_192_PFB-Projected_ETTm2_ftM_sl336_ll96_pl192_dm128_nh8_el3_dl1_df512_expand2_dc4_fc3_ebtimeF_dtTrue_PFB_100_0,336,96,128,3,32,0.6495538949966431,0.5346998572349548,0.8059490919113159,1.2014920711517334,179.5471649169922
Weather,96,DLinear,clean,0.0,24,long_term_forecast_DLinear_Weather_H96_seed2021_DLinear_custom_ftM_sl336_ll48_pl96_dm512_nh8_el2_dl1_df2048_expand2_dc4_fc1_ebtimeF_dtTrue_test_0,336,48,512,2,32,0.17428497970104218,0.23393653333187103,0.41747453808784485,10.999564170837402,12440502.0
Weather,96,DLinear,random,0.1,24,long_term_forecast_DLinear_Weather_H96_seed2021_DLinear_custom_ftM_sl336_ll48_pl96_dm512_nh8_el2_dl1_df2048_expand2_dc4_fc1_ebtimeF_dtTrue_test_0,336,48,512,2,32,0.1845005452632904,0.2567737102508545,0.42953526973724365,9.981951713562012,10307347.0
Weather,96,DLinear,random,0.2,24,long_term_forecast_DLinear_Weather_H96_seed2021_DLinear_custom_ftM_sl336_ll48_pl96_dm512_nh8_el2_dl1_df2048_expand2_dc4_fc1_ebtimeF_dtTrue_test_0,336,48,512,2,32,0.20270654559135437,0.28606557846069336,0.4502294361591339,8.999783515930176,8352888.0
Weather,96,DLinear,random,0.3,24,long_term_forecast_DLinear_Weather_H96_seed2021_DLinear_custom_ftM_sl336_ll48_pl96_dm512_nh8_el2_dl1_df2048_expand2_dc4_fc1_ebtimeF_dtTrue_test_0,336,48,512,2,32,0.22888298332691193,0.3198913335800171,0.47841715812683105,8.039793014526367,6597580.5
Weather,96,DLinear,block,0.1,24,long_term_forecast_DLinear_Weather_H96_seed2021_DLinear_custom_ftM_sl336_ll48_pl96_dm512_nh8_el2_dl1_df2048_expand2_dc4_fc1_ebtimeF_dtTrue_test_0,336,48,512,2,32,0.18375803530216217,0.2493043690919876,0.42867007851600647,10.709315299987793,12136576.0
Weather,96,DLinear,block,0.2,24,long_term_forecast_DLinear_Weather_H96_seed2021_DLinear_custom_ftM_sl336_ll48_pl96_dm512_nh8_el2_dl1_df2048_expand2_dc4_fc1_ebtimeF_dtTrue_test_0,336,48,512,2,32,0.19313400983810425,0.2629597783088684,0.4394701421260834,10.249773979187012,11483783.0
Weather,96,DLinear,block,0.3,24,long_term_forecast_DLinear_Weather_H96_seed2021_DLinear_custom_ftM_sl336_ll48_pl96_dm512_nh8_el2_dl1_df2048_expand2_dc4_fc1_ebtimeF_dtTrue_test_0,336,48,512,2,32,0.2115941047668457,0.28690043091773987,0.4599936008453369,9.342058181762695,9700114.0
Weather,96,PatchTST,clean,0.0,24,long_term_forecast_PatchTST_Weather_H96_seed2021_PatchTST_custom_ftM_sl336_ll48_pl96_dm128_nh8_el3_dl1_df512_expand2_dc4_fc1_ebtimeF_dtTrue_test_0,336,48,128,3,32,0.15260770916938782,0.20186977088451385,0.39065036177635193,12.218732833862305,18278134.0
Weather,96,PatchTST,random,0.1,24,long_term_forecast_PatchTST_Weather_H96_seed2021_PatchTST_custom_ftM_sl336_ll48_pl96_dm128_nh8_el3_dl1_df512_expand2_dc4_fc1_ebtimeF_dtTrue_test_0,336,48,128,3,32,0.1697857677936554,0.23213332891464233,0.41205069422721863,11.921664237976074,15767107.0
Weather,96,PatchTST,random,0.2,24,long_term_forecast_PatchTST_Weather_H96_seed2021_PatchTST_custom_ftM_sl336_ll48_pl96_dm128_nh8_el3_dl1_df512_expand2_dc4_fc1_ebtimeF_dtTrue_test_0,336,48,128,3,32,0.19013577699661255,0.26360636949539185,0.4360456168651581,10.962658882141113,12142062.0
Weather,96,PatchTST,random,0.3,24,long_term_forecast_PatchTST_Weather_H96_seed2021_PatchTST_custom_ftM_sl336_ll48_pl96_dm128_nh8_el3_dl1_df512_expand2_dc4_fc1_ebtimeF_dtTrue_test_0,336,48,128,3,32,0.2181612104177475,0.2995980679988861,0.4670773148536682,9.470290184020996,8723995.0
Weather,96,PatchTST,block,0.1,24,long_term_forecast_PatchTST_Weather_H96_seed2021_PatchTST_custom_ftM_sl336_ll48_pl96_dm128_nh8_el3_dl1_df512_expand2_dc4_fc1_ebtimeF_dtTrue_test_0,336,48,128,3,32,0.15919072926044464,0.21589717268943787,0.3989871144294739,12.020380020141602,17192522.0
Weather,96,PatchTST,block,0.2,24,long_term_forecast_PatchTST_Weather_H96_seed2021_PatchTST_custom_ftM_sl336_ll48_pl96_dm128_nh8_el3_dl1_df512_expand2_dc4_fc1_ebtimeF_dtTrue_test_0,336,48,128,3,32,0.16373184323310852,0.22248996794223785,0.4046379029750824,11.77609634399414,16156767.0
Weather,96,PatchTST,block,0.3,24,long_term_forecast_PatchTST_Weather_H96_seed2021_PatchTST_custom_ftM_sl336_ll48_pl96_dm128_nh8_el3_dl1_df512_expand2_dc4_fc1_ebtimeF_dtTrue_test_0,336,48,128,3,32,0.1753808706998825,0.23980361223220825,0.4187850058078766,11.011988639831543,13445720.0
Weather,96,PFB-Direct,clean,0.0,24,long_term_forecast_CapMatch_MS2021_Weather_96_PFB-Direct_custom_ftM_sl336_ll96_pl96_dm128_nh8_el3_dl1_df512_expand2_dc4_fc3_ebtimeF_dtTrue_capmatch_0,336,96,128,3,32,0.14977960288524628,0.1972322165966034,0.387013703584671,11.030282020568848,13251295.0
Weather,96,PFB-Direct,random,0.1,24,long_term_forecast_CapMatch_MS2021_Weather_96_PFB-Direct_custom_ftM_sl336_ll96_pl96_dm128_nh8_el3_dl1_df512_expand2_dc4_fc3_ebtimeF_dtTrue_capmatch_0,336,96,128,3,32,0.1661248356103897,0.22798001766204834,0.40758413076400757,11.250689506530762,13999045.0
Weather,96,PFB-Direct,random,0.2,24,long_term_forecast_CapMatch_MS2021_Weather_96_PFB-Direct_custom_ftM_sl336_ll96_pl96_dm128_nh8_el3_dl1_df512_expand2_dc4_fc3_ebtimeF_dtTrue_capmatch_0,336,96,128,3,32,0.18451397120952606,0.2596732974052429,0.4295508861541748,11.07625961303711,12678021.0
Weather,96,PFB-Direct,random,0.3,24,long_term_forecast_CapMatch_MS2021_Weather_96_PFB-Direct_custom_ftM_sl336_ll96_pl96_dm128_nh8_el3_dl1_df512_expand2_dc4_fc3_ebtimeF_dtTrue_capmatch_0,336,96,128,3,32,0.21147480607032776,0.2967056334018707,0.45986390113830566,10.070096015930176,9986726.0
Weather,96,PFB-Direct,block,0.1,24,long_term_forecast_CapMatch_MS2021_Weather_96_PFB-Direct_custom_ftM_sl336_ll96_pl96_dm128_nh8_el3_dl1_df512_expand2_dc4_fc3_ebtimeF_dtTrue_capmatch_0,336,96,128,3,32,0.15755826234817505,0.2117999941110611,0.3969360888004303,11.531088829040527,14456644.0
Weather,96,PFB-Direct,block,0.2,24,long_term_forecast_CapMatch_MS2021_Weather_96_PFB-Direct_custom_ftM_sl336_ll96_pl96_dm128_nh8_el3_dl1_df512_expand2_dc4_fc3_ebtimeF_dtTrue_capmatch_0,336,96,128,3,32,0.1627827137708664,0.22067195177078247,0.4034633934497833,11.749327659606934,14870562.0
Weather,96,PFB-Direct,block,0.3,24,long_term_forecast_CapMatch_MS2021_Weather_96_PFB-Direct_custom_ftM_sl336_ll96_pl96_dm128_nh8_el3_dl1_df512_expand2_dc4_fc3_ebtimeF_dtTrue_capmatch_0,336,96,128,3,32,0.1738363355398178,0.23691146075725555,0.41693684458732605,11.130406379699707,12944059.0
Weather,96,PFB-Projected,clean,0.0,24,long_term_forecast_CapMatch_MS2021_Weather_96_PFB-Projected_custom_ftM_sl336_ll96_pl96_dm128_nh8_el3_dl1_df512_expand2_dc4_fc3_ebtimeF_dtTrue_capmatch_0,336,96,128,3,32,0.14963778853416443,0.19795450568199158,0.3868304491043091,11.811930656433105,15890748.0
Weather,96,PFB-Projected,random,0.1,24,long_term_forecast_CapMatch_MS2021_Weather_96_PFB-Projected_custom_ftM_sl336_ll96_pl96_dm128_nh8_el3_dl1_df512_expand2_dc4_fc3_ebtimeF_dtTrue_capmatch_0,336,96,128,3,32,0.16649827361106873,0.22960790991783142,0.4080420136451721,11.821008682250977,15557116.0
Weather,96,PFB-Projected,random,0.2,24,long_term_forecast_CapMatch_MS2021_Weather_96_PFB-Projected_custom_ftM_sl336_ll96_pl96_dm128_nh8_el3_dl1_df512_expand2_dc4_fc3_ebtimeF_dtTrue_capmatch_0,336,96,128,3,32,0.1864299327135086,0.26131200790405273,0.4317753314971924,11.289631843566895,13115868.0
Weather,96,PFB-Projected,random,0.3,24,long_term_forecast_CapMatch_MS2021_Weather_96_PFB-Projected_custom_ftM_sl336_ll96_pl96_dm128_nh8_el3_dl1_df512_expand2_dc4_fc3_ebtimeF_dtTrue_capmatch_0,336,96,128,3,32,0.2141954004764557,0.2975989878177643,0.46281248331069946,9.892643928527832,9775885.0
Weather,96,PFB-Projected,block,0.1,24,long_term_forecast_CapMatch_MS2021_Weather_96_PFB-Projected_custom_ftM_sl336_ll96_pl96_dm128_nh8_el3_dl1_df512_expand2_dc4_fc3_ebtimeF_dtTrue_capmatch_0,336,96,128,3,32,0.15789709985256195,0.2130771428346634,0.39736267924308777,11.970406532287598,16076835.0
Weather,96,PFB-Projected,block,0.2,24,long_term_forecast_CapMatch_MS2021_Weather_96_PFB-Projected_custom_ftM_sl336_ll96_pl96_dm128_nh8_el3_dl1_df512_expand2_dc4_fc3_ebtimeF_dtTrue_capmatch_0,336,96,128,3,32,0.162798210978508,0.22150498628616333,0.4034826159477234,11.874433517456055,15468174.0
Weather,96,PFB-Projected,block,0.3,24,long_term_forecast_CapMatch_MS2021_Weather_96_PFB-Projected_custom_ftM_sl336_ll96_pl96_dm128_nh8_el3_dl1_df512_expand2_dc4_fc3_ebtimeF_dtTrue_capmatch_0,336,96,128,3,32,0.17545269429683685,0.24069394171237946,0.418870747089386,11.053269386291504,13206146.0
Weather,192,DLinear,clean,0.0,24,long_term_forecast_DLinear_MS2021_Weather_192_DLinear_custom_ftM_sl336_ll96_pl192_dm512_nh8_el2_dl1_df2048_expand2_dc4_fc3_ebtimeF_dtTrue_multiseed_h192_0,336,96,512,2,32,0.21812552213668823,0.2787924110889435,0.4670391082763672,10.436811447143555,10626357.0
Weather,192,DLinear,random,0.1,24,long_term_forecast_DLinear_MS2021_Weather_192_DLinear_custom_ftM_sl336_ll96_pl192_dm512_nh8_el2_dl1_df2048_expand2_dc4_fc3_ebtimeF_dtTrue_multiseed_h192_0,336,96,512,2,32,0.2306363731622696,0.3012586534023285,0.4802461564540863,9.525042533874512,8842110.0
Weather,192,DLinear,random,0.2,24,long_term_forecast_DLinear_MS2021_Weather_192_DLinear_custom_ftM_sl336_ll96_pl192_dm512_nh8_el2_dl1_df2048_expand2_dc4_fc3_ebtimeF_dtTrue_multiseed_h192_0,336,96,512,2,32,0.24965626001358032,0.32791388034820557,0.49965614080429077,8.620003700256348,7130284.5
Weather,192,DLinear,random,0.3,24,long_term_forecast_DLinear_MS2021_Weather_192_DLinear_custom_ftM_sl336_ll96_pl192_dm512_nh8_el2_dl1_df2048_expand2_dc4_fc3_ebtimeF_dtTrue_multiseed_h192_0,336,96,512,2,32,0.27519407868385315,0.3577120304107666,0.5245894193649292,7.677485942840576,5565063.5
Weather,192,DLinear,block,0.1,24,long_term_forecast_DLinear_MS2021_Weather_192_DLinear_custom_ftM_sl336_ll96_pl192_dm512_nh8_el2_dl1_df2048_expand2_dc4_fc3_ebtimeF_dtTrue_multiseed_h192_0,336,96,512,2,32,0.22780205309391022,0.29224902391433716,0.47728613018989563,10.17946720123291,10303000.0
Weather,192,DLinear,block,0.2,24,long_term_forecast_DLinear_MS2021_Weather_192_DLinear_custom_ftM_sl336_ll96_pl192_dm512_nh8_el2_dl1_df2048_expand2_dc4_fc3_ebtimeF_dtTrue_multiseed_h192_0,336,96,512,2,32,0.23741218447685242,0.30457767844200134,0.48724961280822754,9.82947826385498,9734359.0
Weather,192,DLinear,block,0.3,24,long_term_forecast_DLinear_MS2021_Weather_192_DLinear_custom_ftM_sl336_ll96_pl192_dm512_nh8_el2_dl1_df2048_expand2_dc4_fc3_ebtimeF_dtTrue_multiseed_h192_0,336,96,512,2,32,0.2560136318206787,0.3265620172023773,0.5059778690338135,9.135902404785156,8436880.0
Weather,192,PatchTST,clean,0.0,24,long_term_forecast_PatchTST_MS2021_Weather_192_PatchTST_custom_ftM_sl336_ll96_pl192_dm128_nh8_el3_dl1_df512_expand2_dc4_fc3_ebtimeF_dtTrue_multiseed_h192_0,336,96,128,3,32,0.19619545340538025,0.24292491376399994,0.44293954968452454,14.575292587280273,21266860.0
Weather,192,PatchTST,random,0.1,24,long_term_forecast_PatchTST_MS2021_Weather_192_PatchTST_custom_ftM_sl336_ll96_pl192_dm128_nh8_el3_dl1_df512_expand2_dc4_fc3_ebtimeF_dtTrue_multiseed_h192_0,336,96,128,3,32,0.20725750923156738,0.26720812916755676,0.4552554190158844,14.393120765686035,19774606.0
Weather,192,PatchTST,random,0.2,24,long_term_forecast_PatchTST_MS2021_Weather_192_PatchTST_custom_ftM_sl336_ll96_pl192_dm128_nh8_el3_dl1_df512_expand2_dc4_fc3_ebtimeF_dtTrue_multiseed_h192_0,336,96,128,3,32,0.222026988863945,0.2930637001991272,0.4711973965167999,13.311528205871582,16503811.0
Weather,192,PatchTST,random,0.3,24,long_term_forecast_PatchTST_MS2021_Weather_192_PatchTST_custom_ftM_sl336_ll96_pl192_dm128_nh8_el3_dl1_df512_expand2_dc4_fc3_ebtimeF_dtTrue_multiseed_h192_0,336,96,128,3,32,0.24409089982509613,0.32293879985809326,0.4940555691719055,11.628935813903809,12374885.0
Weather,192,PatchTST,block,0.1,24,long_term_forecast_PatchTST_MS2021_Weather_192_PatchTST_custom_ftM_sl336_ll96_pl192_dm128_nh8_el3_dl1_df512_expand2_dc4_fc3_ebtimeF_dtTrue_multiseed_h192_0,336,96,128,3,32,0.20406955480575562,0.25582146644592285,0.4517405927181244,14.895366668701172,21737882.0
Weather,192,PatchTST,block,0.2,24,long_term_forecast_PatchTST_MS2021_Weather_192_PatchTST_custom_ftM_sl336_ll96_pl192_dm128_nh8_el3_dl1_df512_expand2_dc4_fc3_ebtimeF_dtTrue_multiseed_h192_0,336,96,128,3,32,0.20818930864334106,0.26245737075805664,0.45627766847610474,14.337807655334473,20010868.0
Weather,192,PatchTST,block,0.3,24,long_term_forecast_PatchTST_MS2021_Weather_192_PatchTST_custom_ftM_sl336_ll96_pl192_dm128_nh8_el3_dl1_df512_expand2_dc4_fc3_ebtimeF_dtTrue_multiseed_h192_0,336,96,128,3,32,0.2144305557012558,0.2721761465072632,0.4630664587020874,13.116384506225586,16389246.0
Weather,192,PFB-Direct,clean,0.0,24,long_term_forecast_PFB-Direct_MS2021_Weather_192_PFB-Direct_custom_ftM_sl336_ll96_pl192_dm128_nh8_el3_dl1_df512_expand2_dc4_fc3_ebtimeF_dtTrue_multiseed_h192_0,336,96,128,3,32,0.19359125196933746,0.2387375384569168,0.4399900734424591,13.680723190307617,19381116.0
Weather,192,PFB-Direct,random,0.1,24,long_term_forecast_PFB-Direct_MS2021_Weather_192_PFB-Direct_custom_ftM_sl336_ll96_pl192_dm128_nh8_el3_dl1_df512_expand2_dc4_fc3_ebtimeF_dtTrue_multiseed_h192_0,336,96,128,3,32,0.20260107517242432,0.25626689195632935,0.4501122832298279,13.326404571533203,18322968.0
Weather,192,PFB-Direct,random,0.2,24,long_term_forecast_PFB-Direct_MS2021_Weather_192_PFB-Direct_custom_ftM_sl336_ll96_pl192_dm128_nh8_el3_dl1_df512_expand2_dc4_fc3_ebtimeF_dtTrue_multiseed_h192_0,336,96,128,3,32,0.2152433544397354,0.2795943319797516,0.4639432728290558,12.06948471069336,14665237.0
Weather,192,PFB-Direct,random,0.3,24,long_term_forecast_PFB-Direct_MS2021_Weather_192_PFB-Direct_custom_ftM_sl336_ll96_pl192_dm128_nh8_el3_dl1_df512_expand2_dc4_fc3_ebtimeF_dtTrue_multiseed_h192_0,336,96,128,3,32,0.2363714724779129,0.3096458613872528,0.48618048429489136,10.435643196105957,10848476.0
Weather,192,PFB-Direct,block,0.1,24,long_term_forecast_PFB-Direct_MS2021_Weather_192_PFB-Direct_custom_ftM_sl336_ll96_pl192_dm128_nh8_el3_dl1_df512_expand2_dc4_fc3_ebtimeF_dtTrue_multiseed_h192_0,336,96,128,3,32,0.20199613273143768,0.2514706254005432,0.44943979382514954,14.15786361694336,20162274.0
Weather,192,PFB-Direct,block,0.2,24,long_term_forecast_PFB-Direct_MS2021_Weather_192_PFB-Direct_custom_ftM_sl336_ll96_pl192_dm128_nh8_el3_dl1_df512_expand2_dc4_fc3_ebtimeF_dtTrue_multiseed_h192_0,336,96,128,3,32,0.20582595467567444,0.25729507207870483,0.45368045568466187,13.601082801818848,18259534.0
Weather,192,PFB-Direct,block,0.3,24,long_term_forecast_PFB-Direct_MS2021_Weather_192_PFB-Direct_custom_ftM_sl336_ll96_pl192_dm128_nh8_el3_dl1_df512_expand2_dc4_fc3_ebtimeF_dtTrue_multiseed_h192_0,336,96,128,3,32,0.215687096118927,0.27071937918663025,0.46442124247550964,12.476912498474121,14862713.0
Weather,192,PFB-Projected,clean,0.0,24,long_term_forecast_PFB-Projected_H192_Weather_192_PFB-Projected_custom_ftM_sl336_ll96_pl192_dm128_nh8_el3_dl1_df512_expand2_dc4_fc3_ebtimeF_dtTrue_PFB_100_0,336,96,128,3,32,0.19377729296684265,0.2393629103899002,0.44020143151283264,13.001530647277832,16917104.0
Weather,192,PFB-Projected,random,0.1,24,long_term_forecast_PFB-Projected_H192_Weather_192_PFB-Projected_custom_ftM_sl336_ll96_pl192_dm128_nh8_el3_dl1_df512_expand2_dc4_fc3_ebtimeF_dtTrue_PFB_100_0,336,96,128,3,32,0.20119357109069824,0.25651001930236816,0.44854605197906494,12.375718116760254,15917708.0
Weather,192,PFB-Projected,random,0.2,24,long_term_forecast_PFB-Projected_H192_Weather_192_PFB-Projected_custom_ftM_sl336_ll96_pl192_dm128_nh8_el3_dl1_df512_expand2_dc4_fc3_ebtimeF_dtTrue_PFB_100_0,336,96,128,3,32,0.21477846801280975,0.28149986267089844,0.46344196796417236,11.223849296569824,13155455.0
Weather,192,PFB-Projected,random,0.3,24,long_term_forecast_PFB-Projected_H192_Weather_192_PFB-Projected_custom_ftM_sl336_ll96_pl192_dm128_nh8_el3_dl1_df512_expand2_dc4_fc3_ebtimeF_dtTrue_PFB_100_0,336,96,128,3,32,0.237751305103302,0.3134506344795227,0.4875974953174591,9.909934997558594,10219658.0
Weather,192,PFB-Projected,block,0.1,24,long_term_forecast_PFB-Projected_H192_Weather_192_PFB-Projected_custom_ftM_sl336_ll96_pl192_dm128_nh8_el3_dl1_df512_expand2_dc4_fc3_ebtimeF_dtTrue_PFB_100_0,336,96,128,3,32,0.19970080256462097,0.2502291202545166,0.44687896966934204,13.029431343078613,16887898.0
Weather,192,PFB-Projected,block,0.2,24,long_term_forecast_PFB-Projected_H192_Weather_192_PFB-Projected_custom_ftM_sl336_ll96_pl192_dm128_nh8_el3_dl1_df512_expand2_dc4_fc3_ebtimeF_dtTrue_PFB_100_0,336,96,128,3,32,0.20342537760734558,0.2567334771156311,0.4510270357131958,12.573241233825684,15584251.0
Weather,192,PFB-Projected,block,0.3,24,long_term_forecast_PFB-Projected_H192_Weather_192_PFB-Projected_custom_ftM_sl336_ll96_pl192_dm128_nh8_el3_dl1_df512_expand2_dc4_fc3_ebtimeF_dtTrue_PFB_100_0,336,96,128,3,32,0.21368549764156342,0.2731996774673462,0.46226128935813904,11.714516639709473,13109318.0
