Dataset,Horizon,Model,Corruption,Missing_Rate,Block_Size,Checkpoint_Folder,Seq_Len,Label_Len,D_Model,E_Layers,Batch_Size,MSE,MAE,RMSE,MAPE,MSPE,Clean_MSE,Clean_MAE,MSE_DegradationPct,MAE_DegradationPct
ETTm2,96,DLinear,block,0.1,24,long_term_forecast_DLinear_ETTm2_H96_seed2021_DLinear_ETTm2_ftM_sl336_ll48_pl96_dm512_nh8_el2_dl1_df2048_expand2_dc4_fc1_ebtimeF_dtTrue_test_0,336,48,512,2,32,0.2245368659496307,0.3148117065429687,0.473853200674057,1.0444793701171875,194.9064178466797,0.169398158788681,0.2657256126403808,32.5497676924184,18.4724736975274
ETTm2,96,PatchTST,block,0.1,24,long_term_forecast_PatchTST_ETTm2_H96_seed2021_PatchTST_ETTm2_ftM_sl336_ll48_pl96_dm128_nh8_el3_dl1_df512_expand2_dc4_fc1_ebtimeF_dtTrue_test_0,336,48,128,3,32,0.2347473949193954,0.3239791095256805,0.4845073819160461,1.0577558279037476,195.1496734619141,0.1741941273212433,0.2626769840717315,34.76194549686609,23.337455952063415
ETTm2,96,PFB-Direct,block,0.1,24,long_term_forecast_CapMatch_MS2021_ETTm2_96_PFB-Direct_ETTm2_ftM_sl336_ll96_pl96_dm128_nh8_el3_dl1_df512_expand2_dc4_fc3_ebtimeF_dtTrue_capmatch_0,336,96,128,3,32,0.2206794768571853,0.3105057179927826,0.4697653353214264,1.072412133216858,222.2303771972656,0.1679251790046692,0.2571122050285339,31.415359010008427,20.76661936695039
ETTm2,96,PFB-Projected,block,0.1,24,long_term_forecast_CapMatch_MS2021_ETTm2_96_PFB-Projected_ETTm2_ftM_sl336_ll96_pl96_dm128_nh8_el3_dl1_df512_expand2_dc4_fc3_ebtimeF_dtTrue_capmatch_0,336,96,128,3,32,0.2206597328186035,0.3103128373622894,0.469744324684143,1.0299537181854248,186.5629119873047,0.1695358157157898,0.2566914856433868,30.155231145092042,20.88941578428394
ETTm2,96,DLinear,block,0.2,24,long_term_forecast_DLinear_ETTm2_H96_seed2021_DLinear_ETTm2_ftM_sl336_ll48_pl96_dm512_nh8_el2_dl1_df2048_expand2_dc4_fc1_ebtimeF_dtTrue_test_0,336,48,512,2,32,0.2758536338806152,0.3519313931465149,0.5252177119255066,1.0529563426971436,184.4747314453125,0.169398158788681,0.2657256126403808,62.843348388888984,32.44165274455515
ETTm2,96,PatchTST,block,0.2,24,long_term_forecast_PatchTST_ETTm2_H96_seed2021_PatchTST_ETTm2_ftM_sl336_ll48_pl96_dm128_nh8_el3_dl1_df512_expand2_dc4_fc1_ebtimeF_dtTrue_test_0,336,48,128,3,32,0.2740473449230194,0.3538717627525329,0.5234953165054321,1.0584313869476318,194.38665771484372,0.1741941273212433,0.2626769840717315,57.322952924601175,34.71746068772361
ETTm2,96,PFB-Direct,block,0.2,24,long_term_forecast_CapMatch_MS2021_ETTm2_96_PFB-Direct_ETTm2_ftM_sl336_ll96_pl96_dm128_nh8_el3_dl1_df512_expand2_dc4_fc3_ebtimeF_dtTrue_capmatch_0,336,96,128,3,32,0.2667231857776642,0.3452973365783691,0.5164524912834167,1.06421959400177,202.0056304931641,0.1679251790046692,0.2571122050285339,58.83454009612692,34.29830627451099
ETTm2,96,PFB-Projected,block,0.2,24,long_term_forecast_CapMatch_MS2021_ETTm2_96_PFB-Projected_ETTm2_ftM_sl336_ll96_pl96_dm128_nh8_el3_dl1_df512_expand2_dc4_fc3_ebtimeF_dtTrue_capmatch_0,336,96,128,3,32,0.2667331397533417,0.3444263935089111,0.5164621472358704,1.0227559804916382,172.81973266601562,0.1695358157157898,0.2566914856433868,57.33143974751251,34.17912660625276
ETTm2,96,DLinear,block,0.3,24,long_term_forecast_DLinear_ETTm2_H96_seed2021_DLinear_ETTm2_ftM_sl336_ll48_pl96_dm512_nh8_el2_dl1_df2048_expand2_dc4_fc1_ebtimeF_dtTrue_test_0,336,48,512,2,32,0.364552229642868,0.406669020652771,0.6037815809249878,1.066349983215332,174.35098266601562,0.169398158788681,0.2657256126403808,115.2043636422493,53.04095702778026
ETTm2,96,PatchTST,block,0.3,24,long_term_forecast_PatchTST_ETTm2_H96_seed2021_PatchTST_ETTm2_ftM_sl336_ll48_pl96_dm128_nh8_el3_dl1_df512_expand2_dc4_fc1_ebtimeF_dtTrue_test_0,336,48,128,3,32,0.4036571085453033,0.4319527149200439,0.63534015417099,1.062171220779419,178.78944396972656,0.1741941273212433,0.2626769840717315,131.72831068001028,64.44254392767307
ETTm2,96,PFB-Direct,block,0.3,24,long_term_forecast_CapMatch_MS2021_ETTm2_96_PFB-Direct_ETTm2_ftM_sl336_ll96_pl96_dm128_nh8_el3_dl1_df512_expand2_dc4_fc3_ebtimeF_dtTrue_capmatch_0,336,96,128,3,32,0.3554536998271942,0.4045892357826233,0.5961993932723999,1.0533050298690796,178.05369567871094,0.1679251790046692,0.2571122050285339,111.67385494781028,57.35901597426021
ETTm2,96,PFB-Projected,block,0.3,24,long_term_forecast_CapMatch_MS2021_ETTm2_96_PFB-Projected_ETTm2_ftM_sl336_ll96_pl96_dm128_nh8_el3_dl1_df512_expand2_dc4_fc3_ebtimeF_dtTrue_capmatch_0,336,96,128,3,32,0.3529358208179474,0.3996203541755676,0.5940840244293213,1.0103538036346436,155.1712646484375,0.1695358157157898,0.2566914856433868,108.17773479180927,55.68118793419868
ETTm2,96,DLinear,random,0.1,24,long_term_forecast_DLinear_ETTm2_H96_seed2021_DLinear_ETTm2_ftM_sl336_ll48_pl96_dm512_nh8_el2_dl1_df2048_expand2_dc4_fc1_ebtimeF_dtTrue_test_0,336,48,512,2,32,0.243249237537384,0.3365631401538849,0.4932030439376831,0.986574411392212,164.8778533935547,0.169398158788681,0.2657256126403808,43.59615197519942,26.65814815878208
ETTm2,96,PatchTST,random,0.1,24,long_term_forecast_PatchTST_ETTm2_H96_seed2021_PatchTST_ETTm2_ftM_sl336_ll48_pl96_dm128_nh8_el3_dl1_df512_expand2_dc4_fc1_ebtimeF_dtTrue_test_0,336,48,128,3,32,0.2461291551589965,0.3274863660335541,0.496114045381546,1.0066570043563845,165.68052673339844,0.1741941273212433,0.2626769840717315,41.29589725208871,24.67265344577144
ETTm2,96,PFB-Direct,random,0.1,24,long_term_forecast_CapMatch_MS2021_ETTm2_96_PFB-Direct_ETTm2_ftM_sl336_ll96_pl96_dm128_nh8_el3_dl1_df512_expand2_dc4_fc3_ebtimeF_dtTrue_capmatch_0,336,96,128,3,32,0.233914777636528,0.3232927620410919,0.4836473762989044,1.0250940322875977,177.92877197265625,0.1679251790046692,0.2571122050285339,39.29702443849945,25.739951553530272
ETTm2,96,PFB-Projected,random,0.1,24,long_term_forecast_CapMatch_MS2021_ETTm2_96_PFB-Projected_ETTm2_ftM_sl336_ll96_pl96_dm128_nh8_el3_dl1_df512_expand2_dc4_fc3_ebtimeF_dtTrue_capmatch_0,336,96,128,3,32,0.2309749573469162,0.3126560151576996,0.4805985391139984,0.9873969554901124,156.6564483642578,0.1695358157157898,0.2566914856433868,36.23962368761248,21.80225392908533
ETTm2,96,DLinear,random,0.2,24,long_term_forecast_DLinear_ETTm2_H96_seed2021_DLinear_ETTm2_ftM_sl336_ll48_pl96_dm512_nh8_el2_dl1_df2048_expand2_dc4_fc1_ebtimeF_dtTrue_test_0,336,48,512,2,32,0.3652421832084656,0.424048364162445,0.6043527126312256,0.9591676592826844,132.65196228027344,0.169398158788681,0.2657256126403808,115.6116606108417,59.581291373793896
ETTm2,96,PatchTST,random,0.2,24,long_term_forecast_PatchTST_ETTm2_H96_seed2021_PatchTST_ETTm2_ftM_sl336_ll48_pl96_dm128_nh8_el3_dl1_df512_expand2_dc4_fc1_ebtimeF_dtTrue_test_0,336,48,128,3,32,0.3712665438652038,0.414724737405777,0.6093164682388306,0.9744877219200134,129.49940490722656,0.1741941273212433,0.2626769840717315,113.13378905163995,57.88392685844316
ETTm2,96,PFB-Direct,random,0.2,24,long_term_forecast_CapMatch_MS2021_ETTm2_96_PFB-Direct_ETTm2_ftM_sl336_ll96_pl96_dm128_nh8_el3_dl1_df512_expand2_dc4_fc3_ebtimeF_dtTrue_capmatch_0,336,96,128,3,32,0.3455933034420013,0.4075257480144501,0.5878718495368958,0.9939311146736144,141.97805786132812,0.1679251790046692,0.2571122050285339,105.80195625838338,58.501129096233896
ETTm2,96,PFB-Projected,random,0.2,24,long_term_forecast_CapMatch_MS2021_ETTm2_96_PFB-Projected_ETTm2_ftM_sl336_ll96_pl96_dm128_nh8_el3_dl1_df512_expand2_dc4_fc3_ebtimeF_dtTrue_capmatch_0,336,96,128,3,32,0.3129568994045257,0.3817395269870758,0.5594255328178406,0.9539079666137696,125.08375549316406,0.1695358157157898,0.2566914856433868,84.59633327813594,48.71530546884373
ETTm2,96,DLinear,random,0.3,24,long_term_forecast_DLinear_ETTm2_H96_seed2021_DLinear_ETTm2_ftM_sl336_ll48_pl96_dm512_nh8_el2_dl1_df2048_expand2_dc4_fc1_ebtimeF_dtTrue_test_0,336,48,512,2,32,0.5385112762451172,0.5250586271286011,0.7338332533836365,0.9423675537109376,104.6948699951172,0.169398158788681,0.2657256126403808,217.8967706000237,97.59428604241776
ETTm2,96,PatchTST,random,0.3,24,long_term_forecast_PatchTST_ETTm2_H96_seed2021_PatchTST_ETTm2_ftM_sl336_ll48_pl96_dm128_nh8_el3_dl1_df512_expand2_dc4_fc1_ebtimeF_dtTrue_test_0,336,48,128,3,32,0.5531339645385742,0.5195183157920837,0.7437297701835632,0.9617378115653992,101.13848114013672,0.1741941273212433,0.2626769840717315,217.53881318771562,97.77839220592479
ETTm2,96,PFB-Direct,random,0.3,24,long_term_forecast_CapMatch_MS2021_ETTm2_96_PFB-Direct_ETTm2_ftM_sl336_ll96_pl96_dm128_nh8_el3_dl1_df512_expand2_dc4_fc3_ebtimeF_dtTrue_capmatch_0,336,96,128,3,32,0.5104695558547974,0.5078803896903992,0.7144715189933777,0.9734827280044556,111.8812026977539,0.1679251790046692,0.2571122050285339,203.98631037969812,97.53258684628972
ETTm2,96,PFB-Projected,random,0.3,24,long_term_forecast_CapMatch_MS2021_ETTm2_96_PFB-Projected_ETTm2_ftM_sl336_ll96_pl96_dm128_nh8_el3_dl1_df512_expand2_dc4_fc3_ebtimeF_dtTrue_capmatch_0,336,96,128,3,32,0.4455512762069702,0.4709163904190063,0.6674962639808655,0.9340015649795532,98.82971954345705,0.1695358157157898,0.2566914856433868,162.80657825948313,83.45617862574346
ETTm2,192,DLinear,block,0.1,24,long_term_forecast_DLinear_MS2021_ETTm2_192_DLinear_ETTm2_ftM_sl336_ll96_pl192_dm512_nh8_el2_dl1_df2048_expand2_dc4_fc3_ebtimeF_dtTrue_multiseed_h192_0,336,96,512,2,32,0.2916155755519867,0.3587138950824737,0.5400144457817078,1.134091019630432,202.936767578125,0.2357288300991058,0.3152771890163421,23.70806550449719,13.777306947468404
ETTm2,192,PatchTST,block,0.1,24,long_term_forecast_PatchTST_MS2021_ETTm2_192_PatchTST_ETTm2_ftM_sl336_ll96_pl192_dm128_nh8_el3_dl1_df512_expand2_dc4_fc3_ebtimeF_dtTrue_multiseed_h192_0,336,96,128,3,32,0.3510775864124298,0.4047460556030273,0.5925180315971375,1.198719501495361,210.0399932861328,0.2281993776559829,0.3018465936183929,53.846864096925515,34.089986158573055
ETTm2,192,PFB-Direct,block,0.1,24,long_term_forecast_PFB-Direct_MS2021_ETTm2_192_PFB-Direct_ETTm2_ftM_sl336_ll96_pl192_dm128_nh8_el3_dl1_df512_expand2_dc4_fc3_ebtimeF_dtTrue_multiseed_h192_0,336,96,128,3,32,0.2995193898677826,0.35736745595932,0.5472836494445801,1.1529505252838137,188.46755981445312,0.2346943616867065,0.2997196018695831,27.621041986347777,19.23392855527055
ETTm2,192,PFB-Projected,block,0.1,24,long_term_forecast_PFB-Projected_H192_ETTm2_192_PFB-Projected_ETTm2_ftM_sl336_ll96_pl192_dm128_nh8_el3_dl1_df512_expand2_dc4_fc3_ebtimeF_dtTrue_PFB_100_0,336,96,128,3,32,0.3350827991962433,0.3787197470664978,0.5788633823394775,1.1910520792007446,202.8605194091797,0.2346964925527572,0.3001315593719482,42.772819291673194,26.18457980860205
ETTm2,192,DLinear,block,0.2,24,long_term_forecast_DLinear_MS2021_ETTm2_192_DLinear_ETTm2_ftM_sl336_ll96_pl192_dm512_nh8_el2_dl1_df2048_expand2_dc4_fc3_ebtimeF_dtTrue_multiseed_h192_0,336,96,512,2,32,0.3439347743988037,0.3933658003807068,0.5864595174789429,1.133381724357605,189.74534606933597,0.2357288300991058,0.3152771890163421,45.9027197709358,24.768240166058135
ETTm2,192,PatchTST,block,0.2,24,long_term_forecast_PatchTST_MS2021_ETTm2_192_PatchTST_ETTm2_ftM_sl336_ll96_pl192_dm128_nh8_el3_dl1_df512_expand2_dc4_fc3_ebtimeF_dtTrue_multiseed_h192_0,336,96,128,3,32,0.4586969912052154,0.4598579704761505,0.6772717237472534,1.2037527561187744,203.9337921142578,0.2281993776559829,0.3018465936183929,101.00711751138702,52.348239204422576
ETTm2,192,PFB-Direct,block,0.2,24,long_term_forecast_PFB-Direct_MS2021_ETTm2_192_PFB-Direct_ETTm2_ftM_sl336_ll96_pl192_dm128_nh8_el3_dl1_df512_expand2_dc4_fc3_ebtimeF_dtTrue_multiseed_h192_0,336,96,128,3,32,0.3743621706962585,0.4058806300163269,0.6118514537811279,1.1472535133361816,177.32945251464844,0.2346943616867065,0.2997196018695831,59.51050890434026,35.420115162483654
ETTm2,192,PFB-Projected,block,0.2,24,long_term_forecast_PFB-Projected_H192_ETTm2_192_PFB-Projected_ETTm2_ftM_sl336_ll96_pl192_dm128_nh8_el3_dl1_df512_expand2_dc4_fc3_ebtimeF_dtTrue_PFB_100_0,336,96,128,3,32,0.4459731578826904,0.4430280029773712,0.6678122282028198,1.1940628290176392,190.3600006103516,0.2346964925527572,0.3001315593719482,90.0212282816457,47.61126883972031
ETTm2,192,DLinear,block,0.3,24,long_term_forecast_DLinear_MS2021_ETTm2_192_DLinear_ETTm2_ftM_sl336_ll96_pl192_dm512_nh8_el2_dl1_df2048_expand2_dc4_fc3_ebtimeF_dtTrue_multiseed_h192_0,336,96,512,2,32,0.4352256953716278,0.4469385743141174,0.6597163677215576,1.134143352508545,177.47698974609375,0.2357288300991058,0.3152771890163421,84.62981180055445,41.760517374744396
ETTm2,192,PatchTST,block,0.3,24,long_term_forecast_PatchTST_MS2021_ETTm2_192_PatchTST_ETTm2_ftM_sl336_ll96_pl192_dm128_nh8_el3_dl1_df512_expand2_dc4_fc3_ebtimeF_dtTrue_multiseed_h192_0,336,96,128,3,32,0.5609166026115417,0.5058054327964783,0.7489436864852905,1.2001272439956665,189.51466369628903,0.2281993776559829,0.3018465936183929,145.80110970203418,67.57036305532694
ETTm2,192,PFB-Direct,block,0.3,24,long_term_forecast_PFB-Direct_MS2021_ETTm2_192_PFB-Direct_ETTm2_ftM_sl336_ll96_pl192_dm128_nh8_el3_dl1_df512_expand2_dc4_fc3_ebtimeF_dtTrue_multiseed_h192_0,336,96,128,3,32,0.5475205183029175,0.4999088048934936,0.7399463057518005,1.1480791568756104,166.88072204589844,0.2346943616867065,0.2997196018695831,133.29087003538783,66.79216233278557
ETTm2,192,PFB-Projected,block,0.3,24,long_term_forecast_PFB-Projected_H192_ETTm2_192_PFB-Projected_ETTm2_ftM_sl336_ll96_pl192_dm128_nh8_el3_dl1_df512_expand2_dc4_fc3_ebtimeF_dtTrue_PFB_100_0,336,96,128,3,32,0.6495538949966431,0.5346998572349548,0.8059490919113159,1.2014920711517334,179.5471649169922,0.2346964925527572,0.3001315593719482,176.76335846844003,78.15515914216469
ETTm2,192,DLinear,random,0.1,24,long_term_forecast_DLinear_MS2021_ETTm2_192_DLinear_ETTm2_ftM_sl336_ll96_pl192_dm512_nh8_el2_dl1_df2048_expand2_dc4_fc3_ebtimeF_dtTrue_multiseed_h192_0,336,96,512,2,32,0.3151169717311859,0.3830854892730713,0.5613527894020081,1.0774338245391846,173.4727325439453,0.2357288300991058,0.3152771890163421,33.677739629345936,21.507518659465845
ETTm2,192,PatchTST,random,0.1,24,long_term_forecast_PatchTST_MS2021_ETTm2_192_PatchTST_ETTm2_ftM_sl336_ll96_pl192_dm128_nh8_el3_dl1_df512_expand2_dc4_fc3_ebtimeF_dtTrue_multiseed_h192_0,336,96,128,3,32,0.2911285758018493,0.3585469424724579,0.5395632982254028,1.1423135995864868,192.40936279296875,0.2281993776559829,0.3018465936183929,27.57641094040756,18.78449187528283
ETTm2,192,PFB-Direct,random,0.1,24,long_term_forecast_PFB-Direct_MS2021_ETTm2_192_PFB-Direct_ETTm2_ftM_sl336_ll96_pl192_dm128_nh8_el3_dl1_df512_expand2_dc4_fc3_ebtimeF_dtTrue_multiseed_h192_0,336,96,128,3,32,0.2717665433883667,0.3421742618083954,0.5213123559951782,1.1090842485427856,174.1876983642578,0.2346943616867065,0.2997196018695831,15.795940488399065,14.164792584131883
ETTm2,192,PFB-Projected,random,0.1,24,long_term_forecast_PFB-Projected_H192_ETTm2_192_PFB-Projected_ETTm2_ftM_sl336_ll96_pl192_dm128_nh8_el3_dl1_df512_expand2_dc4_fc3_ebtimeF_dtTrue_PFB_100_0,336,96,128,3,32,0.2932091951370239,0.3524777591228485,0.5414879322052002,1.1617181301116943,191.2548370361328,0.2346964925527572,0.3001315593719482,24.93122157380077,17.44108478976332
ETTm2,192,DLinear,random,0.2,24,long_term_forecast_DLinear_MS2021_ETTm2_192_DLinear_ETTm2_ftM_sl336_ll96_pl192_dm512_nh8_el2_dl1_df2048_expand2_dc4_fc3_ebtimeF_dtTrue_multiseed_h192_0,336,96,512,2,32,0.4397171437740326,0.4657628834247589,0.663111686706543,1.0388301610946655,140.0867919921875,0.2357288300991058,0.3152771890163421,86.53515719276484,47.73123449810272
ETTm2,192,PatchTST,random,0.2,24,long_term_forecast_PatchTST_MS2021_ETTm2_192_PatchTST_ETTm2_ftM_sl336_ll96_pl192_dm128_nh8_el3_dl1_df512_expand2_dc4_fc3_ebtimeF_dtTrue_multiseed_h192_0,336,96,128,3,32,0.3951290249824524,0.4255884289741516,0.6285929083824158,1.0945852994918823,155.4893798828125,0.2281993776559829,0.3018465936183929,73.15078991061964,40.99494179225303
ETTm2,192,PFB-Direct,random,0.2,24,long_term_forecast_PFB-Direct_MS2021_ETTm2_192_PFB-Direct_ETTm2_ftM_sl336_ll96_pl192_dm128_nh8_el3_dl1_df512_expand2_dc4_fc3_ebtimeF_dtTrue_multiseed_h192_0,336,96,128,3,32,0.3518778681755066,0.4071656465530395,0.5931929349899292,1.0635507106781006,142.00875854492188,0.2346943616867065,0.2997196018695831,49.930260636268876,35.848854733968786
ETTm2,192,PFB-Projected,random,0.2,24,long_term_forecast_PFB-Projected_H192_ETTm2_192_PFB-Projected_ETTm2_ftM_sl336_ll96_pl192_dm128_nh8_el3_dl1_df512_expand2_dc4_fc3_ebtimeF_dtTrue_PFB_100_0,336,96,128,3,32,0.3761647641658783,0.4164382219314575,0.6133227348327637,1.1243937015533447,159.0797119140625,0.2346964925527572,0.3001315593719482,60.27711367749586,38.751893603888675
ETTm2,192,DLinear,random,0.3,24,long_term_forecast_DLinear_MS2021_ETTm2_192_DLinear_ETTm2_ftM_sl336_ll96_pl192_dm512_nh8_el2_dl1_df2048_expand2_dc4_fc3_ebtimeF_dtTrue_multiseed_h192_0,336,96,512,2,32,0.6132957339286804,0.561113178730011,0.783132016658783,1.0105643272399902,110.57190704345705,0.2357288300991058,0.3152771890163421,160.17001555169844,77.97455644687513
ETTm2,192,PatchTST,random,0.3,24,long_term_forecast_PatchTST_MS2021_ETTm2_192_PatchTST_ETTm2_ftM_sl336_ll96_pl192_dm128_nh8_el3_dl1_df512_expand2_dc4_fc3_ebtimeF_dtTrue_multiseed_h192_0,336,96,128,3,32,0.5479792356491089,0.5080261826515198,0.7402561902999878,1.0632209777832031,126.51927185058594,0.2281993776559829,0.3018465936183929,140.13178356481032,68.30608441246409
ETTm2,192,PFB-Direct,random,0.3,24,long_term_forecast_PFB-Direct_MS2021_ETTm2_192_PFB-Direct_ETTm2_ftM_sl336_ll96_pl192_dm128_nh8_el3_dl1_df512_expand2_dc4_fc3_ebtimeF_dtTrue_multiseed_h192_0,336,96,128,3,32,0.482770711183548,0.4918746054172516,0.6948170065879822,1.0298829078674316,113.6446762084961,0.2346943616867065,0.2997196018695831,105.70187869617362,64.11159041619202
ETTm2,192,PFB-Projected,random,0.3,24,long_term_forecast_PFB-Projected_H192_ETTm2_192_PFB-Projected_ETTm2_ftM_sl336_ll96_pl192_dm128_nh8_el3_dl1_df512_expand2_dc4_fc3_ebtimeF_dtTrue_PFB_100_0,336,96,128,3,32,0.4964833259582519,0.4942632913589477,0.7046157121658325,1.092197060585022,131.017822265625,0.2346964925527572,0.3001315593719482,111.54271227408645,64.68221215830728
Weather,96,DLinear,block,0.1,24,long_term_forecast_DLinear_Weather_H96_seed2021_DLinear_custom_ftM_sl336_ll48_pl96_dm512_nh8_el2_dl1_df2048_expand2_dc4_fc1_ebtimeF_dtTrue_test_0,336,48,512,2,32,0.1837580353021621,0.2493043690919876,0.4286700785160064,10.709315299987791,12136576.0,0.1742849797010421,0.233936533331871,5.435382680348876,6.569232920244751
Weather,96,PatchTST,block,0.1,24,long_term_forecast_PatchTST_Weather_H96_seed2021_PatchTST_custom_ftM_sl336_ll48_pl96_dm128_nh8_el3_dl1_df512_expand2_dc4_fc1_ebtimeF_dtTrue_test_0,336,48,128,3,32,0.1591907292604446,0.2158971726894378,0.3989871144294739,12.020380020141602,17192522.0,0.1526077091693878,0.2018697708845138,4.3136877729748,6.9487381609745045
Weather,96,PFB-Direct,block,0.1,24,long_term_forecast_CapMatch_MS2021_Weather_96_PFB-Direct_custom_ftM_sl336_ll96_pl96_dm128_nh8_el3_dl1_df512_expand2_dc4_fc3_ebtimeF_dtTrue_capmatch_0,336,96,128,3,32,0.157558262348175,0.2117999941110611,0.3969360888004303,11.531088829040527,14456644.0,0.1497796028852462,0.1972322165966034,5.193403716585113,7.386104443704042
Weather,96,PFB-Projected,block,0.1,24,long_term_forecast_CapMatch_MS2021_Weather_96_PFB-Projected_custom_ftM_sl336_ll96_pl96_dm128_nh8_el3_dl1_df512_expand2_dc4_fc3_ebtimeF_dtTrue_capmatch_0,336,96,128,3,32,0.1578970998525619,0.2130771428346634,0.3973626792430877,11.970406532287598,16076835.0,0.1496377885341644,0.1979545056819915,5.519535806633348,7.639450842794153
Weather,96,DLinear,block,0.2,24,long_term_forecast_DLinear_Weather_H96_seed2021_DLinear_custom_ftM_sl336_ll48_pl96_dm512_nh8_el2_dl1_df2048_expand2_dc4_fc1_ebtimeF_dtTrue_test_0,336,48,512,2,32,0.1931340098381042,0.2629597783088684,0.4394701421260834,10.249773979187012,11483783.0,0.1742849797010421,0.233936533331871,10.815062875409335,12.406461087385592
Weather,96,PatchTST,block,0.2,24,long_term_forecast_PatchTST_Weather_H96_seed2021_PatchTST_custom_ftM_sl336_ll48_pl96_dm128_nh8_el3_dl1_df512_expand2_dc4_fc1_ebtimeF_dtTrue_test_0,336,48,128,3,32,0.1637318432331085,0.2224899679422378,0.4046379029750824,11.77609634399414,16156767.0,0.1526077091693878,0.2018697708845138,7.289365736676781,10.214603686017188
Weather,96,PFB-Direct,block,0.2,24,long_term_forecast_CapMatch_MS2021_Weather_96_PFB-Direct_custom_ftM_sl336_ll96_pl96_dm128_nh8_el3_dl1_df512_expand2_dc4_fc3_ebtimeF_dtTrue_capmatch_0,336,96,128,3,32,0.1627827137708664,0.2206719517707824,0.4034633934497833,11.749327659606934,14870562.0,0.1497796028852462,0.1972322165966034,8.681496435521028,11.884333897701913
Weather,96,PFB-Projected,block,0.2,24,long_term_forecast_CapMatch_MS2021_Weather_96_PFB-Projected_custom_ftM_sl336_ll96_pl96_dm128_nh8_el3_dl1_df512_expand2_dc4_fc3_ebtimeF_dtTrue_capmatch_0,336,96,128,3,32,0.162798210978508,0.2215049862861633,0.4034826159477234,11.874433517456056,15468174.0,0.1496377885341644,0.1979545056819915,8.794852271783531,11.896915669100764
Weather,96,DLinear,block,0.3,24,long_term_forecast_DLinear_Weather_H96_seed2021_DLinear_custom_ftM_sl336_ll48_pl96_dm512_nh8_el2_dl1_df2048_expand2_dc4_fc1_ebtimeF_dtTrue_test_0,336,48,512,2,32,0.2115941047668457,0.2869004309177398,0.4599936008453369,9.342058181762695,9700114.0,0.1742849797010421,0.233936533331871,21.406965264477424,22.640284880486053
Weather,96,PatchTST,block,0.3,24,long_term_forecast_PatchTST_Weather_H96_seed2021_PatchTST_custom_ftM_sl336_ll48_pl96_dm128_nh8_el3_dl1_df512_expand2_dc4_fc1_ebtimeF_dtTrue_test_0,336,48,128,3,32,0.1753808706998825,0.2398036122322082,0.4187850058078766,11.011988639831545,13445720.0,0.1526077091693878,0.2018697708845138,14.922680940854383,18.791244068630608
Weather,96,PFB-Direct,block,0.3,24,long_term_forecast_CapMatch_MS2021_Weather_96_PFB-Direct_custom_ftM_sl336_ll96_pl96_dm128_nh8_el3_dl1_df512_expand2_dc4_fc3_ebtimeF_dtTrue_capmatch_0,336,96,128,3,32,0.1738363355398178,0.2369114607572555,0.416936844587326,11.130406379699709,12944059.0,0.1497796028852462,0.1972322165966034,16.061421042091233,20.118033881760592
Weather,96,PFB-Projected,block,0.3,24,long_term_forecast_CapMatch_MS2021_Weather_96_PFB-Projected_custom_ftM_sl336_ll96_pl96_dm128_nh8_el3_dl1_df512_expand2_dc4_fc3_ebtimeF_dtTrue_capmatch_0,336,96,128,3,32,0.1754526942968368,0.2406939417123794,0.418870747089386,11.053269386291504,13206146.0,0.1496377885341644,0.1979545056819915,17.25159534603687,21.59053459437172
Weather,96,DLinear,random,0.1,24,long_term_forecast_DLinear_Weather_H96_seed2021_DLinear_custom_ftM_sl336_ll48_pl96_dm512_nh8_el2_dl1_df2048_expand2_dc4_fc1_ebtimeF_dtTrue_test_0,336,48,512,2,32,0.1845005452632904,0.2567737102508545,0.4295352697372436,9.981951713562012,10307347.0,0.1742849797010421,0.233936533331871,5.8614147815672215,9.762125048927619
Weather,96,PatchTST,random,0.1,24,long_term_forecast_PatchTST_Weather_H96_seed2021_PatchTST_custom_ftM_sl336_ll48_pl96_dm128_nh8_el3_dl1_df512_expand2_dc4_fc1_ebtimeF_dtTrue_test_0,336,48,128,3,32,0.1697857677936554,0.2321333289146423,0.4120506942272186,11.921664237976074,15767107.0,0.1526077091693878,0.2018697708845138,11.256350493539435,14.991624500055417
Weather,96,PFB-Direct,random,0.1,24,long_term_forecast_CapMatch_MS2021_Weather_96_PFB-Direct_custom_ftM_sl336_ll96_pl96_dm128_nh8_el3_dl1_df512_expand2_dc4_fc3_ebtimeF_dtTrue_capmatch_0,336,96,128,3,32,0.1661248356103897,0.2279800176620483,0.4075841307640075,11.250689506530762,13999045.0,0.1497796028852462,0.1972322165966034,10.912856230274848,15.589644326886523
Weather,96,PFB-Projected,random,0.1,24,long_term_forecast_CapMatch_MS2021_Weather_96_PFB-Projected_custom_ftM_sl336_ll96_pl96_dm128_nh8_el3_dl1_df512_expand2_dc4_fc3_ebtimeF_dtTrue_capmatch_0,336,96,128,3,32,0.1664982736110687,0.2296079099178314,0.4080420136451721,11.821008682250977,15557116.0,0.1496377885341644,0.1979545056819915,11.26753157879957,15.990241862284371
Weather,96,DLinear,random,0.2,24,long_term_forecast_DLinear_Weather_H96_seed2021_DLinear_custom_ftM_sl336_ll48_pl96_dm512_nh8_el2_dl1_df2048_expand2_dc4_fc1_ebtimeF_dtTrue_test_0,336,48,512,2,32,0.2027065455913543,0.2860655784606933,0.4502294361591339,8.999783515930176,8352888.0,0.1742849797010421,0.233936533331871,16.307524572148917,22.283413533734002
Weather,96,PatchTST,random,0.2,24,long_term_forecast_PatchTST_Weather_H96_seed2021_PatchTST_custom_ftM_sl336_ll48_pl96_dm128_nh8_el3_dl1_df512_expand2_dc4_fc1_ebtimeF_dtTrue_test_0,336,48,128,3,32,0.1901357769966125,0.2636063694953918,0.4360456168651581,10.962658882141112,12142062.0,0.1526077091693878,0.2018697708845138,24.5912005569589,30.582389002757836
Weather,96,PFB-Direct,random,0.2,24,long_term_forecast_CapMatch_MS2021_Weather_96_PFB-Direct_custom_ftM_sl336_ll96_pl96_dm128_nh8_el3_dl1_df512_expand2_dc4_fc3_ebtimeF_dtTrue_capmatch_0,336,96,128,3,32,0.184513971209526,0.2596732974052429,0.4295508861541748,11.07625961303711,12678021.0,0.1497796028852462,0.1972322165966034,23.19031941277851,31.65866200061499
Weather,96,PFB-Projected,random,0.2,24,long_term_forecast_CapMatch_MS2021_Weather_96_PFB-Projected_custom_ftM_sl336_ll96_pl96_dm128_nh8_el3_dl1_df512_expand2_dc4_fc3_ebtimeF_dtTrue_capmatch_0,336,96,128,3,32,0.1864299327135086,0.2613120079040527,0.4317753314971924,11.289631843566896,13115868.0,0.1496377885341644,0.1979545056819915,24.58746853970249,32.006092512914705
Weather,96,DLinear,random,0.3,24,long_term_forecast_DLinear_Weather_H96_seed2021_DLinear_custom_ftM_sl336_ll48_pl96_dm512_nh8_el2_dl1_df2048_expand2_dc4_fc1_ebtimeF_dtTrue_test_0,336,48,512,2,32,0.2288829833269119,0.3198913335800171,0.478417158126831,8.039793014526367,6597580.5,0.1742849797010421,0.233936533331871,31.326855429265287,36.7427861838952
Weather,96,PatchTST,random,0.3,24,long_term_forecast_PatchTST_Weather_H96_seed2021_PatchTST_custom_ftM_sl336_ll48_pl96_dm128_nh8_el3_dl1_df512_expand2_dc4_fc1_ebtimeF_dtTrue_test_0,336,48,128,3,32,0.2181612104177475,0.2995980679988861,0.4670773148536682,9.470290184020996,8723995.0,0.1526077091693878,0.2018697708845138,42.95556338873958,48.411555968070616
Weather,96,PFB-Direct,random,0.3,24,long_term_forecast_CapMatch_MS2021_Weather_96_PFB-Direct_custom_ftM_sl336_ll96_pl96_dm128_nh8_el3_dl1_df512_expand2_dc4_fc3_ebtimeF_dtTrue_capmatch_0,336,96,128,3,32,0.2114748060703277,0.2967056334018707,0.4598639011383056,10.070096015930176,9986726.0,0.1497796028852462,0.1972322165966034,41.19065747046302,50.43466961014745
Weather,96,PFB-Projected,random,0.3,24,long_term_forecast_CapMatch_MS2021_Weather_96_PFB-Projected_custom_ftM_sl336_ll96_pl96_dm128_nh8_el3_dl1_df512_expand2_dc4_fc3_ebtimeF_dtTrue_capmatch_0,336,96,128,3,32,0.2141954004764557,0.2975989878177643,0.4628124833106994,9.892643928527832,9775885.0,0.1496377885341644,0.1979545056819915,43.142586224168824,50.33706193879159
Weather,192,DLinear,block,0.1,24,long_term_forecast_DLinear_MS2021_Weather_192_DLinear_custom_ftM_sl336_ll96_pl192_dm512_nh8_el2_dl1_df2048_expand2_dc4_fc3_ebtimeF_dtTrue_multiseed_h192_0,336,96,512,2,32,0.2278020530939102,0.2922490239143371,0.4772861301898956,10.17946720123291,10303000.0,0.2181255221366882,0.2787924110889435,4.4362213382614595,4.826750044175536
Weather,192,PatchTST,block,0.1,24,long_term_forecast_PatchTST_MS2021_Weather_192_PatchTST_custom_ftM_sl336_ll96_pl192_dm128_nh8_el3_dl1_df512_expand2_dc4_fc3_ebtimeF_dtTrue_multiseed_h192_0,336,96,128,3,32,0.2040695548057556,0.2558214664459228,0.4517405927181244,14.895366668701172,21737882.0,0.1961954534053802,0.2429249137639999,4.013396469542991,5.308863748101114
Weather,192,PFB-Direct,block,0.1,24,long_term_forecast_PFB-Direct_MS2021_Weather_192_PFB-Direct_custom_ftM_sl336_ll96_pl192_dm128_nh8_el3_dl1_df512_expand2_dc4_fc3_ebtimeF_dtTrue_multiseed_h192_0,336,96,128,3,32,0.2019961327314376,0.2514706254005432,0.4494397938251495,14.15786361694336,20162274.0,0.1935912519693374,0.2387375384569168,4.341560208222336,5.333508515638922
Weather,192,PFB-Projected,block,0.1,24,long_term_forecast_PFB-Projected_H192_Weather_192_PFB-Projected_custom_ftM_sl336_ll96_pl192_dm128_nh8_el3_dl1_df512_expand2_dc4_fc3_ebtimeF_dtTrue_PFB_100_0,336,96,128,3,32,0.1997008025646209,0.2502291202545166,0.446878969669342,13.029431343078612,16887898.0,0.1937772929668426,0.2393629103899002,3.0568646651451927,4.53963809468908
Weather,192,DLinear,block,0.2,24,long_term_forecast_DLinear_MS2021_Weather_192_DLinear_custom_ftM_sl336_ll96_pl192_dm512_nh8_el2_dl1_df2048_expand2_dc4_fc3_ebtimeF_dtTrue_multiseed_h192_0,336,96,512,2,32,0.2374121844768524,0.3045776784420013,0.4872496128082275,9.82947826385498,9734359.0,0.2181255221366882,0.2787924110889435,8.842001683818646,9.248912928563001
Weather,192,PatchTST,block,0.2,24,long_term_forecast_PatchTST_MS2021_Weather_192_PatchTST_custom_ftM_sl336_ll96_pl192_dm128_nh8_el3_dl1_df512_expand2_dc4_fc3_ebtimeF_dtTrue_multiseed_h192_0,336,96,128,3,32,0.208189308643341,0.2624573707580566,0.4562776684761047,14.337807655334473,20010868.0,0.1961954534053802,0.2429249137639999,6.1132177274154476,8.040532645009947
Weather,192,PFB-Direct,block,0.2,24,long_term_forecast_PFB-Direct_MS2021_Weather_192_PFB-Direct_custom_ftM_sl336_ll96_pl192_dm128_nh8_el3_dl1_df512_expand2_dc4_fc3_ebtimeF_dtTrue_multiseed_h192_0,336,96,128,3,32,0.2058259546756744,0.2572950720787048,0.4536804556846618,13.601082801818848,18259534.0,0.1935912519693374,0.2387375384569168,6.319863414218137,7.773194673001502
Weather,192,PFB-Projected,block,0.2,24,long_term_forecast_PFB-Projected_H192_Weather_192_PFB-Projected_custom_ftM_sl336_ll96_pl192_dm128_nh8_el3_dl1_df512_expand2_dc4_fc3_ebtimeF_dtTrue_PFB_100_0,336,96,128,3,32,0.2034253776073455,0.2567334771156311,0.4510270357131958,12.573241233825684,15584251.0,0.1937772929668426,0.2393629103899002,4.978955218532129,7.257000133160078
Weather,192,DLinear,block,0.3,24,long_term_forecast_DLinear_MS2021_Weather_192_DLinear_custom_ftM_sl336_ll96_pl192_dm512_nh8_el2_dl1_df2048_expand2_dc4_fc3_ebtimeF_dtTrue_multiseed_h192_0,336,96,512,2,32,0.2560136318206787,0.3265620172023773,0.5059778690338135,9.135902404785156,8436880.0,0.2181255221366882,0.2787924110889435,17.369865439335406,17.134471460987452
Weather,192,PatchTST,block,0.3,24,long_term_forecast_PatchTST_MS2021_Weather_192_PatchTST_custom_ftM_sl336_ll96_pl192_dm128_nh8_el3_dl1_df512_expand2_dc4_fc3_ebtimeF_dtTrue_multiseed_h192_0,336,96,128,3,32,0.2144305557012558,0.2721761465072632,0.4630664587020874,13.116384506225586,16389246.0,0.1961954534053802,0.2429249137639999,9.294355184774915,12.041265051834356
Weather,192,PFB-Direct,block,0.3,24,long_term_forecast_PFB-Direct_MS2021_Weather_192_PFB-Direct_custom_ftM_sl336_ll96_pl192_dm128_nh8_el3_dl1_df512_expand2_dc4_fc3_ebtimeF_dtTrue_multiseed_h192_0,336,96,128,3,32,0.215687096118927,0.2707193791866302,0.4644212424755096,12.47691249847412,14862713.0,0.1935912519693374,0.2387375384569168,11.413658378060036,13.396234599899298
Weather,192,PFB-Projected,block,0.3,24,long_term_forecast_PFB-Projected_H192_Weather_192_PFB-Projected_custom_ftM_sl336_ll96_pl192_dm128_nh8_el3_dl1_df512_expand2_dc4_fc3_ebtimeF_dtTrue_PFB_100_0,336,96,128,3,32,0.2136854976415634,0.2731996774673462,0.462261289358139,11.714516639709473,13109318.0,0.1937772929668426,0.2393629103899002,10.273755180452078,14.136177999477445
Weather,192,DLinear,random,0.1,24,long_term_forecast_DLinear_MS2021_Weather_192_DLinear_custom_ftM_sl336_ll96_pl192_dm512_nh8_el2_dl1_df2048_expand2_dc4_fc3_ebtimeF_dtTrue_multiseed_h192_0,336,96,512,2,32,0.2306363731622696,0.3012586534023285,0.4802461564540863,9.525042533874512,8842110.0,0.2181255221366882,0.2787924110889435,5.735619978363409,8.058412431541251
Weather,192,PatchTST,random,0.1,24,long_term_forecast_PatchTST_MS2021_Weather_192_PatchTST_custom_ftM_sl336_ll96_pl192_dm128_nh8_el3_dl1_df512_expand2_dc4_fc3_ebtimeF_dtTrue_multiseed_h192_0,336,96,128,3,32,0.2072575092315673,0.2672081291675567,0.4552554190158844,14.393120765686035,19774606.0,0.1961954534053802,0.2429249137639999,5.638283474046986,9.996181547335155
Weather,192,PFB-Direct,random,0.1,24,long_term_forecast_PFB-Direct_MS2021_Weather_192_PFB-Direct_custom_ftM_sl336_ll96_pl192_dm128_nh8_el3_dl1_df512_expand2_dc4_fc3_ebtimeF_dtTrue_multiseed_h192_0,336,96,128,3,32,0.2026010751724243,0.2562668919563293,0.4501122832298279,13.326404571533203,18322968.0,0.1935912519693374,0.2387375384569168,4.654044597280631,7.342520833846946
Weather,192,PFB-Projected,random,0.1,24,long_term_forecast_PFB-Projected_H192_Weather_192_PFB-Projected_custom_ftM_sl336_ll96_pl192_dm128_nh8_el3_dl1_df512_expand2_dc4_fc3_ebtimeF_dtTrue_PFB_100_0,336,96,128,3,32,0.2011935710906982,0.2565100193023681,0.4485460519790649,12.375718116760254,15917708.0,0.1937772929668426,0.2393629103899002,3.8272173226842408,7.163644895751324
Weather,192,DLinear,random,0.2,24,long_term_forecast_DLinear_MS2021_Weather_192_DLinear_custom_ftM_sl336_ll96_pl192_dm512_nh8_el2_dl1_df2048_expand2_dc4_fc3_ebtimeF_dtTrue_multiseed_h192_0,336,96,512,2,32,0.2496562600135803,0.3279138803482055,0.4996561408042907,8.620003700256348,7130284.5,0.2181255221366882,0.2787924110889435,14.455318005901837,17.619371010637284
Weather,192,PatchTST,random,0.2,24,long_term_forecast_PatchTST_MS2021_Weather_192_PatchTST_custom_ftM_sl336_ll96_pl192_dm128_nh8_el3_dl1_df512_expand2_dc4_fc3_ebtimeF_dtTrue_multiseed_h192_0,336,96,128,3,32,0.222026988863945,0.2930637001991272,0.4711973965167999,13.311528205871582,16503811.0,0.1961954534053802,0.2429249137639999,13.166225317765923,20.639623025177574
Weather,192,PFB-Direct,random,0.2,24,long_term_forecast_PFB-Direct_MS2021_Weather_192_PFB-Direct_custom_ftM_sl336_ll96_pl192_dm128_nh8_el3_dl1_df512_expand2_dc4_fc3_ebtimeF_dtTrue_multiseed_h192_0,336,96,128,3,32,0.2152433544397354,0.2795943319797516,0.4639432728290558,12.06948471069336,14665237.0,0.1935912519693374,0.2387375384569168,11.184442607885735,17.113686346484595
Weather,192,PFB-Projected,random,0.2,24,long_term_forecast_PFB-Projected_H192_Weather_192_PFB-Projected_custom_ftM_sl336_ll96_pl192_dm128_nh8_el3_dl1_df512_expand2_dc4_fc3_ebtimeF_dtTrue_PFB_100_0,336,96,128,3,32,0.2147784680128097,0.2814998626708984,0.4634419679641723,11.223849296569824,13155455.0,0.1937772929668426,0.2393629103899002,10.83778946667432,17.603793424954997
Weather,192,DLinear,random,0.3,24,long_term_forecast_DLinear_MS2021_Weather_192_DLinear_custom_ftM_sl336_ll96_pl192_dm512_nh8_el2_dl1_df2048_expand2_dc4_fc3_ebtimeF_dtTrue_multiseed_h192_0,336,96,512,2,32,0.2751940786838531,0.3577120304107666,0.5245894193649292,7.677485942840576,5565063.5,0.2181255221366882,0.2787924110889435,26.163172465165687,28.307664119539215
Weather,192,PatchTST,random,0.3,24,long_term_forecast_PatchTST_MS2021_Weather_192_PatchTST_custom_ftM_sl336_ll96_pl192_dm128_nh8_el3_dl1_df512_expand2_dc4_fc3_ebtimeF_dtTrue_multiseed_h192_0,336,96,128,3,32,0.2440908998250961,0.3229387998580932,0.4940555691719055,11.628935813903809,12374885.0,0.1961954534053802,0.2429249137639999,24.412108225950607,32.93770278820652
Weather,192,PFB-Direct,random,0.3,24,long_term_forecast_PFB-Direct_MS2021_Weather_192_PFB-Direct_custom_ftM_sl336_ll96_pl192_dm128_nh8_el3_dl1_df512_expand2_dc4_fc3_ebtimeF_dtTrue_multiseed_h192_0,336,96,128,3,32,0.2363714724779129,0.3096458613872528,0.4861804842948913,10.435643196105955,10848476.0,0.1935912519693374,0.2387375384569168,22.098219869641312,29.701371384095214
Weather,192,PFB-Projected,random,0.3,24,long_term_forecast_PFB-Projected_H192_Weather_192_PFB-Projected_custom_ftM_sl336_ll96_pl192_dm128_nh8_el3_dl1_df512_expand2_dc4_fc3_ebtimeF_dtTrue_PFB_100_0,336,96,128,3,32,0.237751305103302,0.3134506344795227,0.4875974953174591,9.909934997558594,10219658.0,0.1937772929668426,0.2393629103899002,22.693067625825407,30.95204848944241
