Dataset,Horizon,Model,Checkpoint_Folder,Seq_Len,D_Model,E_Layers,Batch_Size,Corruption,Rate,MSE,MAE,RMSE,MAPE,MSPE
ETTm2,96,DLinear,long_term_forecast_DLinear_ETTm2_H96_seed2021_DLinear_ETTm2_ftM_sl336_ll48_pl96_dm512_nh8_el2_dl1_df2048_expand2_dc4_fc1_ebtimeF_dtTrue_test_0,336,512,2,32,clean,0.0,0.16939815878868103,0.26572561264038086,0.41158008575439453,1.0266202688217163,197.6416015625
ETTm2,96,DLinear,long_term_forecast_DLinear_ETTm2_H96_seed2021_DLinear_ETTm2_ftM_sl336_ll48_pl96_dm512_nh8_el2_dl1_df2048_expand2_dc4_fc1_ebtimeF_dtTrue_test_0,336,512,2,32,gaussian,0.1,0.1695384979248047,0.2658920884132385,0.41175052523612976,1.0272735357284546,197.84912109375
ETTm2,96,DLinear,long_term_forecast_DLinear_ETTm2_H96_seed2021_DLinear_ETTm2_ftM_sl336_ll48_pl96_dm512_nh8_el2_dl1_df2048_expand2_dc4_fc1_ebtimeF_dtTrue_test_0,336,512,2,32,gaussian,0.3,0.1707085371017456,0.26727157831192017,0.41316890716552734,1.0342702865600586,199.5894317626953
ETTm2,96,DLinear,long_term_forecast_DLinear_ETTm2_H96_seed2021_DLinear_ETTm2_ftM_sl336_ll48_pl96_dm512_nh8_el2_dl1_df2048_expand2_dc4_fc1_ebtimeF_dtTrue_test_0,336,512,2,32,gaussian,0.5,0.17306379973888397,0.2699562907218933,0.4160093665122986,1.0482330322265625,203.0963134765625
ETTm2,96,DLinear,long_term_forecast_DLinear_ETTm2_H96_seed2021_DLinear_ETTm2_ftM_sl336_ll48_pl96_dm512_nh8_el2_dl1_df2048_expand2_dc4_fc1_ebtimeF_dtTrue_test_0,336,512,2,32,channel_dropout,0.1,0.5802608132362366,0.4189377427101135,0.7617485523223877,1.0352944135665894,179.7449188232422
ETTm2,96,DLinear,long_term_forecast_DLinear_ETTm2_H96_seed2021_DLinear_ETTm2_ftM_sl336_ll48_pl96_dm512_nh8_el2_dl1_df2048_expand2_dc4_fc1_ebtimeF_dtTrue_test_0,336,512,2,32,channel_dropout,0.2,0.5802608132362366,0.4189377427101135,0.7617485523223877,1.0352944135665894,179.7449188232422
ETTm2,96,DLinear,long_term_forecast_DLinear_ETTm2_H96_seed2021_DLinear_ETTm2_ftM_sl336_ll48_pl96_dm512_nh8_el2_dl1_df2048_expand2_dc4_fc1_ebtimeF_dtTrue_test_0,336,512,2,32,channel_dropout,0.3,1.0171403884887695,0.5705703496932983,1.0085338354110718,1.0295047760009766,157.44862365722656
ETTm2,96,PatchTST,long_term_forecast_PatchTST_ETTm2_H96_seed2021_PatchTST_ETTm2_ftM_sl336_ll48_pl96_dm128_nh8_el3_dl1_df512_expand2_dc4_fc1_ebtimeF_dtTrue_test_0,336,128,3,32,clean,0.0,0.1741941273212433,0.26267698407173157,0.417365700006485,1.0589847564697266,205.76295471191406
ETTm2,96,PatchTST,long_term_forecast_PatchTST_ETTm2_H96_seed2021_PatchTST_ETTm2_ftM_sl336_ll48_pl96_dm128_nh8_el3_dl1_df512_expand2_dc4_fc1_ebtimeF_dtTrue_test_0,336,128,3,32,gaussian,0.1,0.17421481013298035,0.26274922490119934,0.41739046573638916,1.0594608783721924,205.91860961914062
ETTm2,96,PatchTST,long_term_forecast_PatchTST_ETTm2_H96_seed2021_PatchTST_ETTm2_ftM_sl336_ll48_pl96_dm128_nh8_el3_dl1_df512_expand2_dc4_fc1_ebtimeF_dtTrue_test_0,336,128,3,32,gaussian,0.3,0.1751030832529068,0.26386016607284546,0.4184532165527344,1.066234827041626,206.57960510253906
ETTm2,96,PatchTST,long_term_forecast_PatchTST_ETTm2_H96_seed2021_PatchTST_ETTm2_ftM_sl336_ll48_pl96_dm128_nh8_el3_dl1_df512_expand2_dc4_fc1_ebtimeF_dtTrue_test_0,336,128,3,32,gaussian,0.5,0.17809751629829407,0.26682525873184204,0.4220160245895386,1.0832078456878662,208.88243103027344
ETTm2,96,PatchTST,long_term_forecast_PatchTST_ETTm2_H96_seed2021_PatchTST_ETTm2_ftM_sl336_ll48_pl96_dm128_nh8_el3_dl1_df512_expand2_dc4_fc1_ebtimeF_dtTrue_test_0,336,128,3,32,channel_dropout,0.1,0.5835550427436829,0.4157845675945282,0.7639077305793762,1.0663127899169922,191.24305725097656
ETTm2,96,PatchTST,long_term_forecast_PatchTST_ETTm2_H96_seed2021_PatchTST_ETTm2_ftM_sl336_ll48_pl96_dm128_nh8_el3_dl1_df512_expand2_dc4_fc1_ebtimeF_dtTrue_test_0,336,128,3,32,channel_dropout,0.2,0.5835550427436829,0.4157845675945282,0.7639077305793762,1.0663127899169922,191.24305725097656
ETTm2,96,PatchTST,long_term_forecast_PatchTST_ETTm2_H96_seed2021_PatchTST_ETTm2_ftM_sl336_ll48_pl96_dm128_nh8_el3_dl1_df512_expand2_dc4_fc1_ebtimeF_dtTrue_test_0,336,128,3,32,channel_dropout,0.3,1.0196566581726074,0.5677172541618347,1.0097805261611938,1.0564717054367065,168.37591552734375
ETTm2,96,PFB-Direct,long_term_forecast_CapMatch_MS2021_ETTm2_96_PFB-Direct_ETTm2_ftM_sl336_ll96_pl96_dm128_nh8_el3_dl1_df512_expand2_dc4_fc3_ebtimeF_dtTrue_capmatch_0,336,128,3,32,clean,0.0,0.1679251790046692,0.25711220502853394,0.40978676080703735,1.0629920959472656,215.6056365966797
ETTm2,96,PFB-Direct,long_term_forecast_CapMatch_MS2021_ETTm2_96_PFB-Direct_ETTm2_ftM_sl336_ll96_pl96_dm128_nh8_el3_dl1_df512_expand2_dc4_fc3_ebtimeF_dtTrue_capmatch_0,336,128,3,32,gaussian,0.1,0.16813713312149048,0.25737106800079346,0.4100452959537506,1.0635617971420288,215.6845245361328
ETTm2,96,PFB-Direct,long_term_forecast_CapMatch_MS2021_ETTm2_96_PFB-Direct_ETTm2_ftM_sl336_ll96_pl96_dm128_nh8_el3_dl1_df512_expand2_dc4_fc3_ebtimeF_dtTrue_capmatch_0,336,128,3,32,gaussian,0.3,0.16989028453826904,0.25945478677749634,0.41217750310897827,1.070521354675293,216.57029724121094
ETTm2,96,PFB-Direct,long_term_forecast_CapMatch_MS2021_ETTm2_96_PFB-Direct_ETTm2_ftM_sl336_ll96_pl96_dm128_nh8_el3_dl1_df512_expand2_dc4_fc3_ebtimeF_dtTrue_capmatch_0,336,128,3,32,gaussian,0.5,0.1733258217573166,0.26327458024024963,0.4163241684436798,1.084924578666687,218.7436065673828
ETTm2,96,PFB-Direct,long_term_forecast_CapMatch_MS2021_ETTm2_96_PFB-Direct_ETTm2_ftM_sl336_ll96_pl96_dm128_nh8_el3_dl1_df512_expand2_dc4_fc3_ebtimeF_dtTrue_capmatch_0,336,128,3,32,channel_dropout,0.1,0.5787044167518616,0.41132086515426636,0.7607262134552002,1.070670485496521,201.00770568847656
ETTm2,96,PFB-Direct,long_term_forecast_CapMatch_MS2021_ETTm2_96_PFB-Direct_ETTm2_ftM_sl336_ll96_pl96_dm128_nh8_el3_dl1_df512_expand2_dc4_fc3_ebtimeF_dtTrue_capmatch_0,336,128,3,32,channel_dropout,0.2,0.5787044167518616,0.41132086515426636,0.7607262134552002,1.070670485496521,201.00770568847656
ETTm2,96,PFB-Direct,long_term_forecast_CapMatch_MS2021_ETTm2_96_PFB-Direct_ETTm2_ftM_sl336_ll96_pl96_dm128_nh8_el3_dl1_df512_expand2_dc4_fc3_ebtimeF_dtTrue_capmatch_0,336,128,3,32,channel_dropout,0.3,1.0159714221954346,0.5639991164207458,1.0079541206359863,1.058359146118164,174.7696990966797
ETTm2,96,PFB-Projected,long_term_forecast_CapMatch_MS2021_ETTm2_96_PFB-Projected_ETTm2_ftM_sl336_ll96_pl96_dm128_nh8_el3_dl1_df512_expand2_dc4_fc3_ebtimeF_dtTrue_capmatch_0,336,128,3,32,clean,0.0,0.1695358157157898,0.25669148564338684,0.4117472767829895,1.0313113927841187,194.1164093017578
ETTm2,96,PFB-Projected,long_term_forecast_CapMatch_MS2021_ETTm2_96_PFB-Projected_ETTm2_ftM_sl336_ll96_pl96_dm128_nh8_el3_dl1_df512_expand2_dc4_fc3_ebtimeF_dtTrue_capmatch_0,336,128,3,32,gaussian,0.1,0.1696060448884964,0.2568455934524536,0.4118325412273407,1.032071828842163,194.1919708251953
ETTm2,96,PFB-Projected,long_term_forecast_CapMatch_MS2021_ETTm2_96_PFB-Projected_ETTm2_ftM_sl336_ll96_pl96_dm128_nh8_el3_dl1_df512_expand2_dc4_fc3_ebtimeF_dtTrue_capmatch_0,336,128,3,32,gaussian,0.3,0.1704287976026535,0.2580437958240509,0.4128302335739136,1.038794994354248,194.39801025390625
ETTm2,96,PFB-Projected,long_term_forecast_CapMatch_MS2021_ETTm2_96_PFB-Projected_ETTm2_ftM_sl336_ll96_pl96_dm128_nh8_el3_dl1_df512_expand2_dc4_fc3_ebtimeF_dtTrue_capmatch_0,336,128,3,32,gaussian,0.5,0.17259667813777924,0.2604503333568573,0.41544756293296814,1.0522868633270264,196.048095703125
ETTm2,96,PFB-Projected,long_term_forecast_CapMatch_MS2021_ETTm2_96_PFB-Projected_ETTm2_ftM_sl336_ll96_pl96_dm128_nh8_el3_dl1_df512_expand2_dc4_fc3_ebtimeF_dtTrue_capmatch_0,336,128,3,32,channel_dropout,0.1,0.5797656774520874,0.41054728627204895,0.7614234685897827,1.0436326265335083,180.7115020751953
ETTm2,96,PFB-Projected,long_term_forecast_CapMatch_MS2021_ETTm2_96_PFB-Projected_ETTm2_ftM_sl336_ll96_pl96_dm128_nh8_el3_dl1_df512_expand2_dc4_fc3_ebtimeF_dtTrue_capmatch_0,336,128,3,32,channel_dropout,0.2,0.5797656774520874,0.41054728627204895,0.7614234685897827,1.0436326265335083,180.7115020751953
ETTm2,96,PFB-Projected,long_term_forecast_CapMatch_MS2021_ETTm2_96_PFB-Projected_ETTm2_ftM_sl336_ll96_pl96_dm128_nh8_el3_dl1_df512_expand2_dc4_fc3_ebtimeF_dtTrue_capmatch_0,336,128,3,32,channel_dropout,0.3,1.0168644189834595,0.5632471442222595,1.0083969831466675,1.0375661849975586,158.04714965820312
ETTm2,192,DLinear,long_term_forecast_DLinear_MS2021_ETTm2_192_DLinear_ETTm2_ftM_sl336_ll96_pl192_dm512_nh8_el2_dl1_df2048_expand2_dc4_fc3_ebtimeF_dtTrue_multiseed_h192_0,336,512,2,32,clean,0.0,0.23572883009910583,0.31527718901634216,0.485519140958786,1.1286134719848633,209.4220733642578
ETTm2,192,DLinear,long_term_forecast_DLinear_MS2021_ETTm2_192_DLinear_ETTm2_ftM_sl336_ll96_pl192_dm512_nh8_el2_dl1_df2048_expand2_dc4_fc3_ebtimeF_dtTrue_multiseed_h192_0,336,512,2,32,gaussian,0.1,0.2358439415693283,0.31540343165397644,0.4856376647949219,1.1292977333068848,209.63233947753906
ETTm2,192,DLinear,long_term_forecast_DLinear_MS2021_ETTm2_192_DLinear_ETTm2_ftM_sl336_ll96_pl192_dm512_nh8_el2_dl1_df2048_expand2_dc4_fc3_ebtimeF_dtTrue_multiseed_h192_0,336,512,2,32,gaussian,0.3,0.2368858903646469,0.31650444865226746,0.48670923709869385,1.1354097127914429,211.30625915527344
ETTm2,192,DLinear,long_term_forecast_DLinear_MS2021_ETTm2_192_DLinear_ETTm2_ftM_sl336_ll96_pl192_dm512_nh8_el2_dl1_df2048_expand2_dc4_fc3_ebtimeF_dtTrue_multiseed_h192_0,336,512,2,32,gaussian,0.5,0.23900914192199707,0.3186626434326172,0.4888856112957001,1.1473827362060547,214.6513214111328
ETTm2,192,DLinear,long_term_forecast_DLinear_MS2021_ETTm2_192_DLinear_ETTm2_ftM_sl336_ll96_pl192_dm512_nh8_el2_dl1_df2048_expand2_dc4_fc3_ebtimeF_dtTrue_multiseed_h192_0,336,512,2,32,channel_dropout,0.1,0.6383387446403503,0.4617251753807068,0.7989610433578491,1.1104772090911865,175.302001953125
ETTm2,192,DLinear,long_term_forecast_DLinear_MS2021_ETTm2_192_DLinear_ETTm2_ftM_sl336_ll96_pl192_dm512_nh8_el2_dl1_df2048_expand2_dc4_fc3_ebtimeF_dtTrue_multiseed_h192_0,336,512,2,32,channel_dropout,0.2,0.6383387446403503,0.4617251753807068,0.7989610433578491,1.1104772090911865,175.302001953125
ETTm2,192,DLinear,long_term_forecast_DLinear_MS2021_ETTm2_192_DLinear_ETTm2_ftM_sl336_ll96_pl192_dm512_nh8_el2_dl1_df2048_expand2_dc4_fc3_ebtimeF_dtTrue_multiseed_h192_0,336,512,2,32,channel_dropout,0.3,1.0600011348724365,0.6057417988777161,1.029563546180725,1.0862820148468018,152.8291473388672
ETTm2,192,PatchTST,long_term_forecast_PatchTST_MS2021_ETTm2_192_PatchTST_ETTm2_ftM_sl336_ll96_pl192_dm128_nh8_el3_dl1_df512_expand2_dc4_fc3_ebtimeF_dtTrue_multiseed_h192_0,336,128,3,32,clean,0.0,0.22819937765598297,0.30184659361839294,0.47770217061042786,1.2074114084243774,236.75086975097656
ETTm2,192,PatchTST,long_term_forecast_PatchTST_MS2021_ETTm2_192_PatchTST_ETTm2_ftM_sl336_ll96_pl192_dm128_nh8_el3_dl1_df512_expand2_dc4_fc3_ebtimeF_dtTrue_multiseed_h192_0,336,128,3,32,gaussian,0.1,0.22828534245491028,0.3019162714481354,0.4777921438217163,1.2079967260360718,236.8238983154297
ETTm2,192,PatchTST,long_term_forecast_PatchTST_MS2021_ETTm2_192_PatchTST_ETTm2_ftM_sl336_ll96_pl192_dm128_nh8_el3_dl1_df512_expand2_dc4_fc3_ebtimeF_dtTrue_multiseed_h192_0,336,128,3,32,gaussian,0.3,0.22956421971321106,0.3029769957065582,0.4791285991668701,1.216775894165039,238.51718139648438
ETTm2,192,PatchTST,long_term_forecast_PatchTST_MS2021_ETTm2_192_PatchTST_ETTm2_ftM_sl336_ll96_pl192_dm128_nh8_el3_dl1_df512_expand2_dc4_fc3_ebtimeF_dtTrue_multiseed_h192_0,336,128,3,32,gaussian,0.5,0.23313044011592865,0.30593928694725037,0.4828358292579651,1.238073468208313,243.88018798828125
ETTm2,192,PatchTST,long_term_forecast_PatchTST_MS2021_ETTm2_192_PatchTST_ETTm2_ftM_sl336_ll96_pl192_dm128_nh8_el3_dl1_df512_expand2_dc4_fc3_ebtimeF_dtTrue_multiseed_h192_0,336,128,3,32,channel_dropout,0.1,0.6324971318244934,0.44992008805274963,0.7952969074249268,1.1798535585403442,200.01588439941406
ETTm2,192,PatchTST,long_term_forecast_PatchTST_MS2021_ETTm2_192_PatchTST_ETTm2_ftM_sl336_ll96_pl192_dm128_nh8_el3_dl1_df512_expand2_dc4_fc3_ebtimeF_dtTrue_multiseed_h192_0,336,128,3,32,channel_dropout,0.2,0.6324971318244934,0.44992008805274963,0.7952969074249268,1.1798535585403442,200.01588439941406
ETTm2,192,PatchTST,long_term_forecast_PatchTST_MS2021_ETTm2_192_PatchTST_ETTm2_ftM_sl336_ll96_pl192_dm128_nh8_el3_dl1_df512_expand2_dc4_fc3_ebtimeF_dtTrue_multiseed_h192_0,336,128,3,32,channel_dropout,0.3,1.056536078453064,0.5959246158599854,1.0278793573379517,1.1444956064224243,172.96994018554688
ETTm2,192,PFB-Direct,long_term_forecast_PFB-Direct_MS2021_ETTm2_192_PFB-Direct_ETTm2_ftM_sl336_ll96_pl192_dm128_nh8_el3_dl1_df512_expand2_dc4_fc3_ebtimeF_dtTrue_multiseed_h192_0,336,128,3,32,clean,0.0,0.23469436168670654,0.29971960186958313,0.48445263504981995,1.1638927459716797,206.93789672851562
ETTm2,192,PFB-Direct,long_term_forecast_PFB-Direct_MS2021_ETTm2_192_PFB-Direct_ETTm2_ftM_sl336_ll96_pl192_dm128_nh8_el3_dl1_df512_expand2_dc4_fc3_ebtimeF_dtTrue_multiseed_h192_0,336,128,3,32,gaussian,0.1,0.23438341915607452,0.29965677857398987,0.4841316044330597,1.1645803451538086,207.3249969482422
ETTm2,192,PFB-Direct,long_term_forecast_PFB-Direct_MS2021_ETTm2_192_PFB-Direct_ETTm2_ftM_sl336_ll96_pl192_dm128_nh8_el3_dl1_df512_expand2_dc4_fc3_ebtimeF_dtTrue_multiseed_h192_0,336,128,3,32,gaussian,0.3,0.2332247644662857,0.2997249364852905,0.48293349146842957,1.1703323125839233,208.35194396972656
ETTm2,192,PFB-Direct,long_term_forecast_PFB-Direct_MS2021_ETTm2_192_PFB-Direct_ETTm2_ftM_sl336_ll96_pl192_dm128_nh8_el3_dl1_df512_expand2_dc4_fc3_ebtimeF_dtTrue_multiseed_h192_0,336,128,3,32,gaussian,0.5,0.2333940863609314,0.3008837401866913,0.4831087589263916,1.1831715106964111,210.9076690673828
ETTm2,192,PFB-Direct,long_term_forecast_PFB-Direct_MS2021_ETTm2_192_PFB-Direct_ETTm2_ftM_sl336_ll96_pl192_dm128_nh8_el3_dl1_df512_expand2_dc4_fc3_ebtimeF_dtTrue_multiseed_h192_0,336,128,3,32,channel_dropout,0.1,0.6379590034484863,0.44837814569473267,0.7987233400344849,1.1419626474380493,176.13015747070312
ETTm2,192,PFB-Direct,long_term_forecast_PFB-Direct_MS2021_ETTm2_192_PFB-Direct_ETTm2_ftM_sl336_ll96_pl192_dm128_nh8_el3_dl1_df512_expand2_dc4_fc3_ebtimeF_dtTrue_multiseed_h192_0,336,128,3,32,channel_dropout,0.2,0.6379590034484863,0.44837814569473267,0.7987233400344849,1.1419626474380493,176.13015747070312
ETTm2,192,PFB-Direct,long_term_forecast_PFB-Direct_MS2021_ETTm2_192_PFB-Direct_ETTm2_ftM_sl336_ll96_pl192_dm128_nh8_el3_dl1_df512_expand2_dc4_fc3_ebtimeF_dtTrue_multiseed_h192_0,336,128,3,32,channel_dropout,0.3,1.0601783990859985,0.5944501757621765,1.0296496152877808,1.1177630424499512,156.22219848632812
ETTm2,192,PFB-Projected,long_term_forecast_PFB-Projected_H192_ETTm2_192_PFB-Projected_ETTm2_ftM_sl336_ll96_pl192_dm128_nh8_el3_dl1_df512_expand2_dc4_fc3_ebtimeF_dtTrue_PFB_100_0,336,128,3,32,clean,0.0,0.23469649255275726,0.30013155937194824,0.48445484042167664,1.205148458480835,230.51583862304688
ETTm2,192,PFB-Projected,long_term_forecast_PFB-Projected_H192_ETTm2_192_PFB-Projected_ETTm2_ftM_sl336_ll96_pl192_dm128_nh8_el3_dl1_df512_expand2_dc4_fc3_ebtimeF_dtTrue_PFB_100_0,336,128,3,32,gaussian,0.1,0.23483078181743622,0.3002844452857971,0.4845934212207794,1.206051230430603,231.1616973876953
ETTm2,192,PFB-Projected,long_term_forecast_PFB-Projected_H192_ETTm2_192_PFB-Projected_ETTm2_ftM_sl336_ll96_pl192_dm128_nh8_el3_dl1_df512_expand2_dc4_fc3_ebtimeF_dtTrue_PFB_100_0,336,128,3,32,gaussian,0.3,0.23598669469356537,0.30166634917259216,0.4857846200466156,1.2155178785324097,233.6688995361328
ETTm2,192,PFB-Projected,long_term_forecast_PFB-Projected_H192_ETTm2_192_PFB-Projected_ETTm2_ftM_sl336_ll96_pl192_dm128_nh8_el3_dl1_df512_expand2_dc4_fc3_ebtimeF_dtTrue_PFB_100_0,336,128,3,32,gaussian,0.5,0.23919767141342163,0.30467239022254944,0.4890784025192261,1.2363460063934326,239.44862365722656
ETTm2,192,PFB-Projected,long_term_forecast_PFB-Projected_H192_ETTm2_192_PFB-Projected_ETTm2_ftM_sl336_ll96_pl192_dm128_nh8_el3_dl1_df512_expand2_dc4_fc3_ebtimeF_dtTrue_PFB_100_0,336,128,3,32,channel_dropout,0.1,0.6372612118721008,0.4482719302177429,0.7982864379882812,1.1781669855117798,195.26504516601562
ETTm2,192,PFB-Projected,long_term_forecast_PFB-Projected_H192_ETTm2_192_PFB-Projected_ETTm2_ftM_sl336_ll96_pl192_dm128_nh8_el3_dl1_df512_expand2_dc4_fc3_ebtimeF_dtTrue_PFB_100_0,336,128,3,32,channel_dropout,0.2,0.6372612118721008,0.4482719302177429,0.7982864379882812,1.1781669855117798,195.26504516601562
ETTm2,192,PFB-Projected,long_term_forecast_PFB-Projected_H192_ETTm2_192_PFB-Projected_ETTm2_ftM_sl336_ll96_pl192_dm128_nh8_el3_dl1_df512_expand2_dc4_fc3_ebtimeF_dtTrue_PFB_100_0,336,128,3,32,channel_dropout,0.3,1.0602340698242188,0.5944803953170776,1.0296766757965088,1.1387572288513184,169.74871826171875
Weather,96,DLinear,long_term_forecast_DLinear_Weather_H96_seed2021_DLinear_custom_ftM_sl336_ll48_pl96_dm512_nh8_el2_dl1_df2048_expand2_dc4_fc1_ebtimeF_dtTrue_test_0,336,512,2,32,clean,0.0,0.17428497970104218,0.23393653333187103,0.41747453808784485,10.999564170837402,12440502.0
Weather,96,DLinear,long_term_forecast_DLinear_Weather_H96_seed2021_DLinear_custom_ftM_sl336_ll48_pl96_dm512_nh8_el2_dl1_df2048_expand2_dc4_fc1_ebtimeF_dtTrue_test_0,336,512,2,32,gaussian,0.1,0.174325630068779,0.2340107411146164,0.41752320528030396,11.003662109375,12466812.0
Weather,96,DLinear,long_term_forecast_DLinear_Weather_H96_seed2021_DLinear_custom_ftM_sl336_ll48_pl96_dm512_nh8_el2_dl1_df2048_expand2_dc4_fc1_ebtimeF_dtTrue_test_0,336,512,2,32,gaussian,0.3,0.17474186420440674,0.23463673889636993,0.41802138090133667,11.033293724060059,12543950.0
Weather,96,DLinear,long_term_forecast_DLinear_Weather_H96_seed2021_DLinear_custom_ftM_sl336_ll48_pl96_dm512_nh8_el2_dl1_df2048_expand2_dc4_fc1_ebtimeF_dtTrue_test_0,336,512,2,32,gaussian,0.5,0.1756037324666977,0.23582956194877625,0.41905099153518677,11.095152854919434,12653764.0
Weather,96,DLinear,long_term_forecast_DLinear_Weather_H96_seed2021_DLinear_custom_ftM_sl336_ll48_pl96_dm512_nh8_el2_dl1_df2048_expand2_dc4_fc1_ebtimeF_dtTrue_test_0,336,512,2,32,channel_dropout,0.1,0.21478374302387238,0.2683722972869873,0.4634476602077484,10.312718391418457,12098860.0
Weather,96,DLinear,long_term_forecast_DLinear_Weather_H96_seed2021_DLinear_custom_ftM_sl336_ll48_pl96_dm512_nh8_el2_dl1_df2048_expand2_dc4_fc1_ebtimeF_dtTrue_test_0,336,512,2,32,channel_dropout,0.2,0.26754671335220337,0.30614766478538513,0.5172491669654846,10.20651912689209,12098377.0
Weather,96,DLinear,long_term_forecast_DLinear_Weather_H96_seed2021_DLinear_custom_ftM_sl336_ll48_pl96_dm512_nh8_el2_dl1_df2048_expand2_dc4_fc1_ebtimeF_dtTrue_test_0,336,512,2,32,channel_dropout,0.3,0.30660998821258545,0.33767277002334595,0.5537237524986267,10.772317886352539,12439877.0
Weather,96,PatchTST,long_term_forecast_PatchTST_Weather_H96_seed2021_PatchTST_custom_ftM_sl336_ll48_pl96_dm128_nh8_el3_dl1_df512_expand2_dc4_fc1_ebtimeF_dtTrue_test_0,336,128,3,32,clean,0.0,0.15260770916938782,0.20186977088451385,0.39065036177635193,12.218732833862305,18278134.0
Weather,96,PatchTST,long_term_forecast_PatchTST_Weather_H96_seed2021_PatchTST_custom_ftM_sl336_ll48_pl96_dm128_nh8_el3_dl1_df512_expand2_dc4_fc1_ebtimeF_dtTrue_test_0,336,128,3,32,gaussian,0.1,0.1532144844532013,0.2028941959142685,0.3914262056350708,12.182798385620117,18140892.0
Weather,96,PatchTST,long_term_forecast_PatchTST_Weather_H96_seed2021_PatchTST_custom_ftM_sl336_ll48_pl96_dm128_nh8_el3_dl1_df512_expand2_dc4_fc1_ebtimeF_dtTrue_test_0,336,128,3,32,gaussian,0.3,0.15774542093276978,0.209378182888031,0.3971717655658722,11.895808219909668,16720125.0
Weather,96,PatchTST,long_term_forecast_PatchTST_Weather_H96_seed2021_PatchTST_custom_ftM_sl336_ll48_pl96_dm128_nh8_el3_dl1_df512_expand2_dc4_fc1_ebtimeF_dtTrue_test_0,336,128,3,32,gaussian,0.5,0.16618935763835907,0.21956804394721985,0.4076632857322693,11.500975608825684,14684666.0
Weather,96,PatchTST,long_term_forecast_PatchTST_Weather_H96_seed2021_PatchTST_custom_ftM_sl336_ll48_pl96_dm128_nh8_el3_dl1_df512_expand2_dc4_fc1_ebtimeF_dtTrue_test_0,336,128,3,32,channel_dropout,0.1,0.19440749287605286,0.2393050640821457,0.44091665744781494,11.72133731842041,18093270.0
Weather,96,PatchTST,long_term_forecast_PatchTST_Weather_H96_seed2021_PatchTST_custom_ftM_sl336_ll48_pl96_dm128_nh8_el3_dl1_df512_expand2_dc4_fc1_ebtimeF_dtTrue_test_0,336,128,3,32,channel_dropout,0.2,0.24945728480815887,0.28018608689308167,0.4994570016860962,11.611926078796387,18092772.0
Weather,96,PatchTST,long_term_forecast_PatchTST_Weather_H96_seed2021_PatchTST_custom_ftM_sl336_ll48_pl96_dm128_nh8_el3_dl1_df512_expand2_dc4_fc1_ebtimeF_dtTrue_test_0,336,128,3,32,channel_dropout,0.3,0.2918075621128082,0.31461620330810547,0.5401921272277832,11.99484920501709,18277356.0
Weather,96,PFB-Direct,long_term_forecast_CapMatch_MS2021_Weather_96_PFB-Direct_custom_ftM_sl336_ll96_pl96_dm128_nh8_el3_dl1_df512_expand2_dc4_fc3_ebtimeF_dtTrue_capmatch_0,336,128,3,32,clean,0.0,0.14977960288524628,0.1972322165966034,0.387013703584671,11.030282020568848,13251295.0
Weather,96,PFB-Direct,long_term_forecast_CapMatch_MS2021_Weather_96_PFB-Direct_custom_ftM_sl336_ll96_pl96_dm128_nh8_el3_dl1_df512_expand2_dc4_fc3_ebtimeF_dtTrue_capmatch_0,336,128,3,32,gaussian,0.1,0.15097442269325256,0.19935296475887299,0.38855427503585815,11.176642417907715,13669688.0
Weather,96,PFB-Direct,long_term_forecast_CapMatch_MS2021_Weather_96_PFB-Direct_custom_ftM_sl336_ll96_pl96_dm128_nh8_el3_dl1_df512_expand2_dc4_fc3_ebtimeF_dtTrue_capmatch_0,336,128,3,32,gaussian,0.3,0.1577470451593399,0.2096233069896698,0.39717382192611694,11.500692367553711,14504685.0
Weather,96,PFB-Direct,long_term_forecast_CapMatch_MS2021_Weather_96_PFB-Direct_custom_ftM_sl336_ll96_pl96_dm128_nh8_el3_dl1_df512_expand2_dc4_fc3_ebtimeF_dtTrue_capmatch_0,336,128,3,32,gaussian,0.5,0.16576799750328064,0.2200329452753067,0.407146155834198,11.785210609436035,15078089.0
Weather,96,PFB-Direct,long_term_forecast_CapMatch_MS2021_Weather_96_PFB-Direct_custom_ftM_sl336_ll96_pl96_dm128_nh8_el3_dl1_df512_expand2_dc4_fc3_ebtimeF_dtTrue_capmatch_0,336,128,3,32,channel_dropout,0.1,0.19212548434734344,0.2353224903345108,0.43832120299339294,10.13785171508789,12586797.0
Weather,96,PFB-Direct,long_term_forecast_CapMatch_MS2021_Weather_96_PFB-Direct_custom_ftM_sl336_ll96_pl96_dm128_nh8_el3_dl1_df512_expand2_dc4_fc3_ebtimeF_dtTrue_capmatch_0,336,128,3,32,channel_dropout,0.2,0.24729333817958832,0.27666449546813965,0.49728596210479736,10.037507057189941,12586386.0
Weather,96,PFB-Direct,long_term_forecast_CapMatch_MS2021_Weather_96_PFB-Direct_custom_ftM_sl336_ll96_pl96_dm128_nh8_el3_dl1_df512_expand2_dc4_fc3_ebtimeF_dtTrue_capmatch_0,336,128,3,32,channel_dropout,0.3,0.2899085283279419,0.311521977186203,0.5384315252304077,10.820953369140625,13250637.0
Weather,96,PFB-Projected,long_term_forecast_CapMatch_MS2021_Weather_96_PFB-Projected_custom_ftM_sl336_ll96_pl96_dm128_nh8_el3_dl1_df512_expand2_dc4_fc3_ebtimeF_dtTrue_capmatch_0,336,128,3,32,clean,0.0,0.14963778853416443,0.19795450568199158,0.3868304491043091,11.811930656433105,15890748.0
Weather,96,PFB-Projected,long_term_forecast_CapMatch_MS2021_Weather_96_PFB-Projected_custom_ftM_sl336_ll96_pl96_dm128_nh8_el3_dl1_df512_expand2_dc4_fc3_ebtimeF_dtTrue_capmatch_0,336,128,3,32,gaussian,0.1,0.15049681067466736,0.19934827089309692,0.3879391849040985,11.882166862487793,16118987.0
Weather,96,PFB-Projected,long_term_forecast_CapMatch_MS2021_Weather_96_PFB-Projected_custom_ftM_sl336_ll96_pl96_dm128_nh8_el3_dl1_df512_expand2_dc4_fc3_ebtimeF_dtTrue_capmatch_0,336,128,3,32,gaussian,0.3,0.15608195960521698,0.20724675059318542,0.3950721025466919,11.933197975158691,16167924.0
Weather,96,PFB-Projected,long_term_forecast_CapMatch_MS2021_Weather_96_PFB-Projected_custom_ftM_sl336_ll96_pl96_dm128_nh8_el3_dl1_df512_expand2_dc4_fc3_ebtimeF_dtTrue_capmatch_0,336,128,3,32,gaussian,0.5,0.1646842211484909,0.21771514415740967,0.4058130383491516,12.058233261108398,16033816.0
Weather,96,PFB-Projected,long_term_forecast_CapMatch_MS2021_Weather_96_PFB-Projected_custom_ftM_sl336_ll96_pl96_dm128_nh8_el3_dl1_df512_expand2_dc4_fc3_ebtimeF_dtTrue_capmatch_0,336,128,3,32,channel_dropout,0.1,0.19169479608535767,0.23575559258460999,0.4378296434879303,10.994828224182129,15342029.0
Weather,96,PFB-Projected,long_term_forecast_CapMatch_MS2021_Weather_96_PFB-Projected_custom_ftM_sl336_ll96_pl96_dm128_nh8_el3_dl1_df512_expand2_dc4_fc3_ebtimeF_dtTrue_capmatch_0,336,128,3,32,channel_dropout,0.2,0.24716761708259583,0.2771977484226227,0.49715954065322876,10.89549732208252,15341576.0
Weather,96,PFB-Projected,long_term_forecast_CapMatch_MS2021_Weather_96_PFB-Projected_custom_ftM_sl336_ll96_pl96_dm128_nh8_el3_dl1_df512_expand2_dc4_fc3_ebtimeF_dtTrue_capmatch_0,336,128,3,32,channel_dropout,0.3,0.2896561026573181,0.3118402063846588,0.5381971001625061,11.590947151184082,15889979.0
Weather,192,DLinear,long_term_forecast_DLinear_MS2021_Weather_192_DLinear_custom_ftM_sl336_ll96_pl192_dm512_nh8_el2_dl1_df2048_expand2_dc4_fc3_ebtimeF_dtTrue_multiseed_h192_0,336,512,2,32,clean,0.0,0.21812552213668823,0.2787924110889435,0.4670391082763672,10.436811447143555,10626357.0
Weather,192,DLinear,long_term_forecast_DLinear_MS2021_Weather_192_DLinear_custom_ftM_sl336_ll96_pl192_dm512_nh8_el2_dl1_df2048_expand2_dc4_fc3_ebtimeF_dtTrue_multiseed_h192_0,336,512,2,32,gaussian,0.1,0.2181546986103058,0.2788521945476532,0.4670703411102295,10.44228744506836,10641102.0
Weather,192,DLinear,long_term_forecast_DLinear_MS2021_Weather_192_DLinear_custom_ftM_sl336_ll96_pl192_dm512_nh8_el2_dl1_df2048_expand2_dc4_fc3_ebtimeF_dtTrue_multiseed_h192_0,336,512,2,32,gaussian,0.3,0.21852293610572815,0.2793615162372589,0.4674643576145172,10.470914840698242,10692418.0
Weather,192,DLinear,long_term_forecast_DLinear_MS2021_Weather_192_DLinear_custom_ftM_sl336_ll96_pl192_dm512_nh8_el2_dl1_df2048_expand2_dc4_fc3_ebtimeF_dtTrue_multiseed_h192_0,336,512,2,32,gaussian,0.5,0.21930278837680817,0.2803230881690979,0.4682977497577667,10.530056953430176,10772815.0
Weather,192,DLinear,long_term_forecast_DLinear_MS2021_Weather_192_DLinear_custom_ftM_sl336_ll96_pl192_dm512_nh8_el2_dl1_df2048_expand2_dc4_fc3_ebtimeF_dtTrue_multiseed_h192_0,336,512,2,32,channel_dropout,0.1,0.25471916794776917,0.30909737944602966,0.5046970844268799,10.145830154418945,10498355.0
Weather,192,DLinear,long_term_forecast_DLinear_MS2021_Weather_192_DLinear_custom_ftM_sl336_ll96_pl192_dm512_nh8_el2_dl1_df2048_expand2_dc4_fc3_ebtimeF_dtTrue_multiseed_h192_0,336,512,2,32,channel_dropout,0.2,0.30050575733184814,0.34145525097846985,0.5481840372085571,10.036515235900879,10497988.0
Weather,192,DLinear,long_term_forecast_DLinear_MS2021_Weather_192_DLinear_custom_ftM_sl336_ll96_pl192_dm512_nh8_el2_dl1_df2048_expand2_dc4_fc3_ebtimeF_dtTrue_multiseed_h192_0,336,512,2,32,channel_dropout,0.3,0.3379078805446625,0.3704730272293091,0.5812984704971313,9.494185447692871,9951160.0
Weather,192,PatchTST,long_term_forecast_PatchTST_MS2021_Weather_192_PatchTST_custom_ftM_sl336_ll96_pl192_dm128_nh8_el3_dl1_df512_expand2_dc4_fc3_ebtimeF_dtTrue_multiseed_h192_0,336,128,3,32,clean,0.0,0.19619545340538025,0.24292491376399994,0.44293954968452454,14.575292587280273,21266860.0
Weather,192,PatchTST,long_term_forecast_PatchTST_MS2021_Weather_192_PatchTST_custom_ftM_sl336_ll96_pl192_dm128_nh8_el3_dl1_df512_expand2_dc4_fc3_ebtimeF_dtTrue_multiseed_h192_0,336,128,3,32,gaussian,0.1,0.19688445329666138,0.24380511045455933,0.4437166452407837,14.561579704284668,21245884.0
Weather,192,PatchTST,long_term_forecast_PatchTST_MS2021_Weather_192_PatchTST_custom_ftM_sl336_ll96_pl192_dm128_nh8_el3_dl1_df512_expand2_dc4_fc3_ebtimeF_dtTrue_multiseed_h192_0,336,128,3,32,gaussian,0.3,0.2026689052581787,0.2521550953388214,0.450187623500824,14.182849884033203,20010014.0
Weather,192,PatchTST,long_term_forecast_PatchTST_MS2021_Weather_192_PatchTST_custom_ftM_sl336_ll96_pl192_dm128_nh8_el3_dl1_df512_expand2_dc4_fc3_ebtimeF_dtTrue_multiseed_h192_0,336,128,3,32,gaussian,0.5,0.21133331954479218,0.26284947991371155,0.459710031747818,13.575247764587402,18142252.0
Weather,192,PatchTST,long_term_forecast_PatchTST_MS2021_Weather_192_PatchTST_custom_ftM_sl336_ll96_pl192_dm128_nh8_el3_dl1_df512_expand2_dc4_fc3_ebtimeF_dtTrue_multiseed_h192_0,336,128,3,32,channel_dropout,0.1,0.23440979421138763,0.2767610251903534,0.48415884375572205,14.285965919494629,21154642.0
Weather,192,PatchTST,long_term_forecast_PatchTST_MS2021_Weather_192_PatchTST_custom_ftM_sl336_ll96_pl192_dm128_nh8_el3_dl1_df512_expand2_dc4_fc3_ebtimeF_dtTrue_multiseed_h192_0,336,128,3,32,channel_dropout,0.2,0.2818542420864105,0.3117646276950836,0.5308994650840759,14.133149147033691,21153940.0
Weather,192,PatchTST,long_term_forecast_PatchTST_MS2021_Weather_192_PatchTST_custom_ftM_sl336_ll96_pl192_dm128_nh8_el3_dl1_df512_expand2_dc4_fc3_ebtimeF_dtTrue_multiseed_h192_0,336,128,3,32,channel_dropout,0.3,0.3222144842147827,0.34436458349227905,0.5676394104957581,12.931862831115723,18837830.0
Weather,192,PFB-Direct,long_term_forecast_PFB-Direct_MS2021_Weather_192_PFB-Direct_custom_ftM_sl336_ll96_pl192_dm128_nh8_el3_dl1_df512_expand2_dc4_fc3_ebtimeF_dtTrue_multiseed_h192_0,336,128,3,32,clean,0.0,0.19359125196933746,0.2387375384569168,0.4399900734424591,13.680723190307617,19381116.0
Weather,192,PFB-Direct,long_term_forecast_PFB-Direct_MS2021_Weather_192_PFB-Direct_custom_ftM_sl336_ll96_pl192_dm128_nh8_el3_dl1_df512_expand2_dc4_fc3_ebtimeF_dtTrue_multiseed_h192_0,336,128,3,32,gaussian,0.1,0.1943630874156952,0.23980304598808289,0.44086629152297974,13.636051177978516,19431760.0
Weather,192,PFB-Direct,long_term_forecast_PFB-Direct_MS2021_Weather_192_PFB-Direct_custom_ftM_sl336_ll96_pl192_dm128_nh8_el3_dl1_df512_expand2_dc4_fc3_ebtimeF_dtTrue_multiseed_h192_0,336,128,3,32,gaussian,0.3,0.19904237985610962,0.2454257756471634,0.44614166021347046,13.29890251159668,18589432.0
Weather,192,PFB-Direct,long_term_forecast_PFB-Direct_MS2021_Weather_192_PFB-Direct_custom_ftM_sl336_ll96_pl192_dm128_nh8_el3_dl1_df512_expand2_dc4_fc3_ebtimeF_dtTrue_multiseed_h192_0,336,128,3,32,gaussian,0.5,0.20556196570396423,0.25227025151252747,0.45338940620422363,13.00146484375,17699314.0
Weather,192,PFB-Direct,long_term_forecast_PFB-Direct_MS2021_Weather_192_PFB-Direct_custom_ftM_sl336_ll96_pl192_dm128_nh8_el3_dl1_df512_expand2_dc4_fc3_ebtimeF_dtTrue_multiseed_h192_0,336,128,3,32,channel_dropout,0.1,0.23185376822948456,0.27288269996643066,0.4815119504928589,13.303084373474121,19183924.0
Weather,192,PFB-Direct,long_term_forecast_PFB-Direct_MS2021_Weather_192_PFB-Direct_custom_ftM_sl336_ll96_pl192_dm128_nh8_el3_dl1_df512_expand2_dc4_fc3_ebtimeF_dtTrue_multiseed_h192_0,336,128,3,32,channel_dropout,0.2,0.2798251211643219,0.3084374666213989,0.5289849638938904,13.158679962158203,19183306.0
Weather,192,PFB-Direct,long_term_forecast_PFB-Direct_MS2021_Weather_192_PFB-Direct_custom_ftM_sl336_ll96_pl192_dm128_nh8_el3_dl1_df512_expand2_dc4_fc3_ebtimeF_dtTrue_multiseed_h192_0,336,128,3,32,channel_dropout,0.3,0.32028138637542725,0.3411654531955719,0.5659340620040894,12.377997398376465,18008228.0
Weather,192,PFB-Projected,long_term_forecast_PFB-Projected_H192_Weather_192_PFB-Projected_custom_ftM_sl336_ll96_pl192_dm128_nh8_el3_dl1_df512_expand2_dc4_fc3_ebtimeF_dtTrue_PFB_100_0,336,128,3,32,clean,0.0,0.19377729296684265,0.2393629103899002,0.44020143151283264,13.001530647277832,16917104.0
Weather,192,PFB-Projected,long_term_forecast_PFB-Projected_H192_Weather_192_PFB-Projected_custom_ftM_sl336_ll96_pl192_dm128_nh8_el3_dl1_df512_expand2_dc4_fc3_ebtimeF_dtTrue_PFB_100_0,336,128,3,32,gaussian,0.1,0.194435715675354,0.24033834040164948,0.4409486651420593,12.971105575561523,16962664.0
Weather,192,PFB-Projected,long_term_forecast_PFB-Projected_H192_Weather_192_PFB-Projected_custom_ftM_sl336_ll96_pl192_dm128_nh8_el3_dl1_df512_expand2_dc4_fc3_ebtimeF_dtTrue_PFB_100_0,336,128,3,32,gaussian,0.3,0.1986306607723236,0.24587343633174896,0.44567999243736267,12.83315372467041,16957788.0
Weather,192,PFB-Projected,long_term_forecast_PFB-Projected_H192_Weather_192_PFB-Projected_custom_ftM_sl336_ll96_pl192_dm128_nh8_el3_dl1_df512_expand2_dc4_fc3_ebtimeF_dtTrue_PFB_100_0,336,128,3,32,gaussian,0.5,0.20472614467144012,0.2528097331523895,0.4524667263031006,12.678235054016113,16913034.0
Weather,192,PFB-Projected,long_term_forecast_PFB-Projected_H192_Weather_192_PFB-Projected_custom_ftM_sl336_ll96_pl192_dm128_nh8_el3_dl1_df512_expand2_dc4_fc3_ebtimeF_dtTrue_PFB_100_0,336,128,3,32,channel_dropout,0.1,0.23184826970100403,0.2733910381793976,0.48150625824928284,12.409553527832031,16451711.0
Weather,192,PFB-Projected,long_term_forecast_PFB-Projected_H192_Weather_192_PFB-Projected_custom_ftM_sl336_ll96_pl192_dm128_nh8_el3_dl1_df512_expand2_dc4_fc3_ebtimeF_dtTrue_PFB_100_0,336,128,3,32,channel_dropout,0.2,0.2802211344242096,0.3090473711490631,0.5293591618537903,12.265192985534668,16451119.0
Weather,192,PFB-Projected,long_term_forecast_PFB-Projected_H192_Weather_192_PFB-Projected_custom_ftM_sl336_ll96_pl192_dm128_nh8_el3_dl1_df512_expand2_dc4_fc3_ebtimeF_dtTrue_PFB_100_0,336,128,3,32,channel_dropout,0.3,0.3205210864543915,0.3418220281600952,0.5661458373069763,11.949601173400879,16137159.0
