dataset,horizon,model,step,per_step_mse,n_seeds
Weather,192,DLinear,1,0.036677077412605286,5
Weather,192,DLinear,2,0.050962138921022415,5
Weather,192,DLinear,3,0.06089894846081734,5
Weather,192,DLinear,4,0.0683562383055687,5
Weather,192,DLinear,5,0.07470645010471344,5
Weather,192,DLinear,6,0.08069237321615219,5
Weather,192,DLinear,7,0.08586229383945465,5
Weather,192,DLinear,8,0.09090448915958405,5
Weather,192,DLinear,9,0.09635572135448456,5
Weather,192,DLinear,10,0.10092397034168243,5
Weather,192,DLinear,11,0.10570861399173737,5
Weather,192,DLinear,12,0.10996804386377335,5
Weather,192,DLinear,13,0.1139201670885086,5
Weather,192,DLinear,14,0.11756546795368195,5
Weather,192,DLinear,15,0.12089012563228607,5
Weather,192,DLinear,16,0.12443701177835464,5
Weather,192,DLinear,17,0.12786510586738586,5
Weather,192,DLinear,18,0.13123244047164917,5
Weather,192,DLinear,19,0.13418063521385193,5
Weather,192,DLinear,20,0.1370646208524704,5
Weather,192,DLinear,21,0.13962963223457336,5
Weather,192,DLinear,22,0.14224250614643097,5
Weather,192,DLinear,23,0.14493557810783386,5
Weather,192,DLinear,24,0.14729535579681396,5
Weather,192,DLinear,25,0.14994968473911285,5
Weather,192,DLinear,26,0.15256449580192566,5
Weather,192,DLinear,27,0.15500110387802124,5
Weather,192,DLinear,28,0.1578468233346939,5
Weather,192,DLinear,29,0.16052129864692688,5
Weather,192,DLinear,30,0.1626644879579544,5
Weather,192,DLinear,31,0.16467109322547913,5
Weather,192,DLinear,32,0.16644194722175598,5
Weather,192,DLinear,33,0.16829854249954224,5
Weather,192,DLinear,34,0.17013245820999146,5
Weather,192,DLinear,35,0.17147476971149445,5
Weather,192,DLinear,36,0.1732463538646698,5
Weather,192,DLinear,37,0.17505019903182983,5
Weather,192,DLinear,38,0.1768045425415039,5
Weather,192,DLinear,39,0.17802192270755768,5
Weather,192,DLinear,40,0.1797839105129242,5
Weather,192,DLinear,41,0.18117383122444153,5
Weather,192,DLinear,42,0.1827617585659027,5
Weather,192,DLinear,43,0.18437454104423523,5
Weather,192,DLinear,44,0.18601147830486298,5
Weather,192,DLinear,45,0.18718242645263672,5
Weather,192,DLinear,46,0.18865041434764862,5
Weather,192,DLinear,47,0.18958356976509094,5
Weather,192,DLinear,48,0.19116827845573425,5
Weather,192,DLinear,49,0.19254863262176514,5
Weather,192,DLinear,50,0.1941545307636261,5
Weather,192,DLinear,51,0.19563935697078705,5
Weather,192,DLinear,52,0.19687341153621674,5
Weather,192,DLinear,53,0.1982806921005249,5
Weather,192,DLinear,54,0.19949468970298767,5
Weather,192,DLinear,55,0.20005862414836884,5
Weather,192,DLinear,56,0.2010696828365326,5
Weather,192,DLinear,57,0.20214197039604187,5
Weather,192,DLinear,58,0.20321901142597198,5
Weather,192,DLinear,59,0.20443138480186462,5
Weather,192,DLinear,60,0.2052040994167328,5
Weather,192,DLinear,61,0.2058113068342209,5
Weather,192,DLinear,62,0.206791952252388,5
Weather,192,DLinear,63,0.20756657421588898,5
Weather,192,DLinear,64,0.20828965306282043,5
Weather,192,DLinear,65,0.20948278903961182,5
Weather,192,DLinear,66,0.20983195304870605,5
Weather,192,DLinear,67,0.21039119362831116,5
Weather,192,DLinear,68,0.211113840341568,5
Weather,192,DLinear,69,0.21168740093708038,5
Weather,192,DLinear,70,0.21296584606170654,5
Weather,192,DLinear,71,0.21393224596977234,5
Weather,192,DLinear,72,0.21436181664466858,5
Weather,192,DLinear,73,0.21520602703094482,5
Weather,192,DLinear,74,0.21562013030052185,5
Weather,192,DLinear,75,0.2155410796403885,5
Weather,192,DLinear,76,0.2165261209011078,5
Weather,192,DLinear,77,0.2170998603105545,5
Weather,192,DLinear,78,0.21767906844615936,5
Weather,192,DLinear,79,0.21830978989601135,5
Weather,192,DLinear,80,0.21888761222362518,5
Weather,192,DLinear,81,0.2193111926317215,5
Weather,192,DLinear,82,0.21981854736804962,5
Weather,192,DLinear,83,0.21993792057037354,5
Weather,192,DLinear,84,0.2204672396183014,5
Weather,192,DLinear,85,0.2210657149553299,5
Weather,192,DLinear,86,0.22127342224121094,5
Weather,192,DLinear,87,0.2214360535144806,5
Weather,192,DLinear,88,0.22218279540538788,5
Weather,192,DLinear,89,0.22225847840309143,5
Weather,192,DLinear,90,0.22260360419750214,5
Weather,192,DLinear,91,0.22288274765014648,5
Weather,192,DLinear,92,0.22299447655677795,5
Weather,192,DLinear,93,0.22336843609809875,5
Weather,192,DLinear,94,0.22374634444713593,5
Weather,192,DLinear,95,0.2241593599319458,5
Weather,192,DLinear,96,0.22466006875038147,5
Weather,192,DLinear,97,0.22507436573505402,5
Weather,192,DLinear,98,0.22541923820972443,5
Weather,192,DLinear,99,0.22578632831573486,5
Weather,192,DLinear,100,0.22622749209403992,5
Weather,192,DLinear,101,0.22656504809856415,5
Weather,192,DLinear,102,0.226918026804924,5
Weather,192,DLinear,103,0.22754430770874023,5
Weather,192,DLinear,104,0.227914959192276,5
Weather,192,DLinear,105,0.2282598912715912,5
Weather,192,DLinear,106,0.22879676520824432,5
Weather,192,DLinear,107,0.22917118668556213,5
Weather,192,DLinear,108,0.229862779378891,5
Weather,192,DLinear,109,0.23020143806934357,5
Weather,192,DLinear,110,0.23001602292060852,5
Weather,192,DLinear,111,0.23104992508888245,5
Weather,192,DLinear,112,0.23148301243782043,5
Weather,192,DLinear,113,0.23228439688682556,5
Weather,192,DLinear,114,0.23275482654571533,5
Weather,192,DLinear,115,0.23350639641284943,5
Weather,192,DLinear,116,0.23364391922950745,5
Weather,192,DLinear,117,0.23398785293102264,5
Weather,192,DLinear,118,0.23427176475524902,5
Weather,192,DLinear,119,0.2351442277431488,5
Weather,192,DLinear,120,0.2359151542186737,5
Weather,192,DLinear,121,0.23647408187389374,5
Weather,192,DLinear,122,0.23680612444877625,5
Weather,192,DLinear,123,0.23684349656105042,5
Weather,192,DLinear,124,0.2375352382659912,5
Weather,192,DLinear,125,0.2378154993057251,5
Weather,192,DLinear,126,0.23839661478996277,5
Weather,192,DLinear,127,0.23910805583000183,5
Weather,192,DLinear,128,0.23977860808372498,5
Weather,192,DLinear,129,0.2402230054140091,5
Weather,192,DLinear,130,0.2406618893146515,5
Weather,192,DLinear,131,0.24122008681297302,5
Weather,192,DLinear,132,0.24229314923286438,5
Weather,192,DLinear,133,0.242880180478096,5
Weather,192,DLinear,134,0.2436133325099945,5
Weather,192,DLinear,135,0.24414917826652527,5
Weather,192,DLinear,136,0.24487046897411346,5
Weather,192,DLinear,137,0.2456098049879074,5
Weather,192,DLinear,138,0.24613288044929504,5
Weather,192,DLinear,139,0.24683065712451935,5
Weather,192,DLinear,140,0.24771282076835632,5
Weather,192,DLinear,141,0.24854329228401184,5
Weather,192,DLinear,142,0.24980492889881134,5
Weather,192,DLinear,143,0.2507249414920807,5
Weather,192,DLinear,144,0.2514170706272125,5
Weather,192,DLinear,145,0.2524029612541199,5
Weather,192,DLinear,146,0.2533203363418579,5
Weather,192,DLinear,147,0.2545127868652344,5
Weather,192,DLinear,148,0.25581279397010803,5
Weather,192,DLinear,149,0.2567306160926819,5
Weather,192,DLinear,150,0.25814059376716614,5
Weather,192,DLinear,151,0.259153813123703,5
Weather,192,DLinear,152,0.2598169445991516,5
Weather,192,DLinear,153,0.261420875787735,5
Weather,192,DLinear,154,0.2628090977668762,5
Weather,192,DLinear,155,0.26377958059310913,5
Weather,192,DLinear,156,0.2656187117099762,5
Weather,192,DLinear,157,0.26670509576797485,5
Weather,192,DLinear,158,0.26832887530326843,5
Weather,192,DLinear,159,0.2696002423763275,5
Weather,192,DLinear,160,0.2706835865974426,5
Weather,192,DLinear,161,0.2721158266067505,5
Weather,192,DLinear,162,0.273764431476593,5
Weather,192,DLinear,163,0.2751465439796448,5
Weather,192,DLinear,164,0.27603039145469666,5
Weather,192,DLinear,165,0.27712392807006836,5
Weather,192,DLinear,166,0.27809998393058777,5
Weather,192,DLinear,167,0.27898970246315,5
Weather,192,DLinear,168,0.2801751494407654,5
Weather,192,DLinear,169,0.2813243865966797,5
Weather,192,DLinear,170,0.2822701334953308,5
Weather,192,DLinear,171,0.28313151001930237,5
Weather,192,DLinear,172,0.28450000286102295,5
Weather,192,DLinear,173,0.2854096293449402,5
Weather,192,DLinear,174,0.28658366203308105,5
Weather,192,DLinear,175,0.2871977984905243,5
Weather,192,DLinear,176,0.28855234384536743,5
Weather,192,DLinear,177,0.2888628840446472,5
Weather,192,DLinear,178,0.2896553575992584,5
Weather,192,DLinear,179,0.29030871391296387,5
Weather,192,DLinear,180,0.2913123369216919,5
Weather,192,DLinear,181,0.29206717014312744,5
Weather,192,DLinear,182,0.2924540638923645,5
Weather,192,DLinear,183,0.29307860136032104,5
Weather,192,DLinear,184,0.2941686511039734,5
Weather,192,DLinear,185,0.2945817708969116,5
Weather,192,DLinear,186,0.29533517360687256,5
Weather,192,DLinear,187,0.29574960470199585,5
Weather,192,DLinear,188,0.295806348323822,5
Weather,192,DLinear,189,0.2958436608314514,5
Weather,192,DLinear,190,0.2969169616699219,5
Weather,192,DLinear,191,0.297444224357605,5
Weather,192,DLinear,192,0.2979825437068939,5
Weather,192,PatchTST,1,0.03843775391578674,5
Weather,192,PatchTST,2,0.051305849105119705,5
Weather,192,PatchTST,3,0.05979756638407707,5
Weather,192,PatchTST,4,0.06617669761180878,5
Weather,192,PatchTST,5,0.07127063721418381,5
Weather,192,PatchTST,6,0.07552444189786911,5
Weather,192,PatchTST,7,0.0795488953590393,5
Weather,192,PatchTST,8,0.08308298885822296,5
Weather,192,PatchTST,9,0.08677245676517487,5
Weather,192,PatchTST,10,0.09005515277385712,5
Weather,192,PatchTST,11,0.09357576072216034,5
Weather,192,PatchTST,12,0.09639621526002884,5
Weather,192,PatchTST,13,0.09917272627353668,5
Weather,192,PatchTST,14,0.10184921324253082,5
Weather,192,PatchTST,15,0.10430556535720825,5
Weather,192,PatchTST,16,0.10693679749965668,5
Weather,192,PatchTST,17,0.10910133272409439,5
Weather,192,PatchTST,18,0.11149295419454575,5
Weather,192,PatchTST,19,0.1140027791261673,5
Weather,192,PatchTST,20,0.11589717864990234,5
Weather,192,PatchTST,21,0.1181129440665245,5
Weather,192,PatchTST,22,0.12019170820713043,5
Weather,192,PatchTST,23,0.12224230915307999,5
Weather,192,PatchTST,24,0.12431478500366211,5
Weather,192,PatchTST,25,0.1262412816286087,5
Weather,192,PatchTST,26,0.12823675572872162,5
Weather,192,PatchTST,27,0.13024522364139557,5
Weather,192,PatchTST,28,0.13221001625061035,5
Weather,192,PatchTST,29,0.134151428937912,5
Weather,192,PatchTST,30,0.13623766601085663,5
Weather,192,PatchTST,31,0.1376200020313263,5
Weather,192,PatchTST,32,0.13945716619491577,5
Weather,192,PatchTST,33,0.14099964499473572,5
Weather,192,PatchTST,34,0.14265860617160797,5
Weather,192,PatchTST,35,0.14415571093559265,5
Weather,192,PatchTST,36,0.14544089138507843,5
Weather,192,PatchTST,37,0.1472191959619522,5
Weather,192,PatchTST,38,0.1483485847711563,5
Weather,192,PatchTST,39,0.14956119656562805,5
Weather,192,PatchTST,40,0.15122339129447937,5
Weather,192,PatchTST,41,0.15276624262332916,5
Weather,192,PatchTST,42,0.15398553013801575,5
Weather,192,PatchTST,43,0.15540054440498352,5
Weather,192,PatchTST,44,0.1568109393119812,5
Weather,192,PatchTST,45,0.15818151831626892,5
Weather,192,PatchTST,46,0.15949587523937225,5
Weather,192,PatchTST,47,0.16089895367622375,5
Weather,192,PatchTST,48,0.1622801274061203,5
Weather,192,PatchTST,49,0.16309940814971924,5
Weather,192,PatchTST,50,0.1646166890859604,5
Weather,192,PatchTST,51,0.1659151017665863,5
Weather,192,PatchTST,52,0.167269766330719,5
Weather,192,PatchTST,53,0.16853618621826172,5
Weather,192,PatchTST,54,0.16966411471366882,5
Weather,192,PatchTST,55,0.17087975144386292,5
Weather,192,PatchTST,56,0.17186157405376434,5
Weather,192,PatchTST,57,0.17310859262943268,5
Weather,192,PatchTST,58,0.17426952719688416,5
Weather,192,PatchTST,59,0.17547142505645752,5
Weather,192,PatchTST,60,0.17648091912269592,5
Weather,192,PatchTST,61,0.1775180697441101,5
Weather,192,PatchTST,62,0.17909617722034454,5
Weather,192,PatchTST,63,0.1795254498720169,5
Weather,192,PatchTST,64,0.18086153268814087,5
Weather,192,PatchTST,65,0.1822337806224823,5
Weather,192,PatchTST,66,0.1831117570400238,5
Weather,192,PatchTST,67,0.1840176284313202,5
Weather,192,PatchTST,68,0.18468347191810608,5
Weather,192,PatchTST,69,0.1860915720462799,5
Weather,192,PatchTST,70,0.18726614117622375,5
Weather,192,PatchTST,71,0.1877867728471756,5
Weather,192,PatchTST,72,0.18906471133232117,5
Weather,192,PatchTST,73,0.19017966091632843,5
Weather,192,PatchTST,74,0.19084368646144867,5
Weather,192,PatchTST,75,0.1918768435716629,5
Weather,192,PatchTST,76,0.19258490204811096,5
Weather,192,PatchTST,77,0.19370144605636597,5
Weather,192,PatchTST,78,0.19431734085083008,5
Weather,192,PatchTST,79,0.1957458257675171,5
Weather,192,PatchTST,80,0.19649679958820343,5
Weather,192,PatchTST,81,0.19720421731472015,5
Weather,192,PatchTST,82,0.19762006402015686,5
Weather,192,PatchTST,83,0.1983317881822586,5
Weather,192,PatchTST,84,0.1993897408246994,5
Weather,192,PatchTST,85,0.20021753013134003,5
Weather,192,PatchTST,86,0.2005772590637207,5
Weather,192,PatchTST,87,0.20115387439727783,5
Weather,192,PatchTST,88,0.20181187987327576,5
Weather,192,PatchTST,89,0.2024688422679901,5
Weather,192,PatchTST,90,0.20328719913959503,5
Weather,192,PatchTST,91,0.20352427661418915,5
Weather,192,PatchTST,92,0.20444941520690918,5
Weather,192,PatchTST,93,0.20490963757038116,5
Weather,192,PatchTST,94,0.20580565929412842,5
Weather,192,PatchTST,95,0.20686599612236023,5
Weather,192,PatchTST,96,0.20736384391784668,5
Weather,192,PatchTST,97,0.208017498254776,5
Weather,192,PatchTST,98,0.2088000327348709,5
Weather,192,PatchTST,99,0.20932821929454803,5
Weather,192,PatchTST,100,0.2103157788515091,5
Weather,192,PatchTST,101,0.2107817679643631,5
Weather,192,PatchTST,102,0.21121442317962646,5
Weather,192,PatchTST,103,0.2118627279996872,5
Weather,192,PatchTST,104,0.21232524514198303,5
Weather,192,PatchTST,105,0.21337492763996124,5
Weather,192,PatchTST,106,0.21375718712806702,5
Weather,192,PatchTST,107,0.214407280087471,5
Weather,192,PatchTST,108,0.21497225761413574,5
Weather,192,PatchTST,109,0.21553604304790497,5
Weather,192,PatchTST,110,0.21637535095214844,5
Weather,192,PatchTST,111,0.21663632988929749,5
Weather,192,PatchTST,112,0.21719440817832947,5
Weather,192,PatchTST,113,0.21831460297107697,5
Weather,192,PatchTST,114,0.21861803531646729,5
Weather,192,PatchTST,115,0.2190835028886795,5
Weather,192,PatchTST,116,0.21967288851737976,5
Weather,192,PatchTST,117,0.2202780693769455,5
Weather,192,PatchTST,118,0.2204996794462204,5
Weather,192,PatchTST,119,0.2213880568742752,5
Weather,192,PatchTST,120,0.22187268733978271,5
Weather,192,PatchTST,121,0.22217890620231628,5
Weather,192,PatchTST,122,0.2230590283870697,5
Weather,192,PatchTST,123,0.22348836064338684,5
Weather,192,PatchTST,124,0.22424030303955078,5
Weather,192,PatchTST,125,0.22462253272533417,5
Weather,192,PatchTST,126,0.22511117160320282,5
Weather,192,PatchTST,127,0.22598609328269958,5
Weather,192,PatchTST,128,0.22627846896648407,5
Weather,192,PatchTST,129,0.22698259353637695,5
Weather,192,PatchTST,130,0.22755463421344757,5
Weather,192,PatchTST,131,0.228048175573349,5
Weather,192,PatchTST,132,0.22856147587299347,5
Weather,192,PatchTST,133,0.22922857105731964,5
Weather,192,PatchTST,134,0.2298586070537567,5
Weather,192,PatchTST,135,0.23046357929706573,5
Weather,192,PatchTST,136,0.2309916466474533,5
Weather,192,PatchTST,137,0.2319226711988449,5
Weather,192,PatchTST,138,0.2324429750442505,5
Weather,192,PatchTST,139,0.23270538449287415,5
Weather,192,PatchTST,140,0.2336973249912262,5
Weather,192,PatchTST,141,0.23429524898529053,5
Weather,192,PatchTST,142,0.23514273762702942,5
Weather,192,PatchTST,143,0.235805481672287,5
Weather,192,PatchTST,144,0.23654301464557648,5
Weather,192,PatchTST,145,0.2370825707912445,5
Weather,192,PatchTST,146,0.2384503185749054,5
Weather,192,PatchTST,147,0.23954784870147705,5
Weather,192,PatchTST,148,0.24032652378082275,5
Weather,192,PatchTST,149,0.2412620484828949,5
Weather,192,PatchTST,150,0.24207976460456848,5
Weather,192,PatchTST,151,0.2433760166168213,5
Weather,192,PatchTST,152,0.24420718848705292,5
Weather,192,PatchTST,153,0.24453413486480713,5
Weather,192,PatchTST,154,0.24566666781902313,5
Weather,192,PatchTST,155,0.24678373336791992,5
Weather,192,PatchTST,156,0.24809499084949493,5
Weather,192,PatchTST,157,0.24881044030189514,5
Weather,192,PatchTST,158,0.250029057264328,5
Weather,192,PatchTST,159,0.25138378143310547,5
Weather,192,PatchTST,160,0.25242382287979126,5
Weather,192,PatchTST,161,0.2536007761955261,5
Weather,192,PatchTST,162,0.25461775064468384,5
Weather,192,PatchTST,163,0.25602608919143677,5
Weather,192,PatchTST,164,0.25700339674949646,5
Weather,192,PatchTST,165,0.2584490478038788,5
Weather,192,PatchTST,166,0.2593382000923157,5
Weather,192,PatchTST,167,0.26037532091140747,5
Weather,192,PatchTST,168,0.2617892324924469,5
Weather,192,PatchTST,169,0.26285362243652344,5
Weather,192,PatchTST,170,0.2640625536441803,5
Weather,192,PatchTST,171,0.2648929953575134,5
Weather,192,PatchTST,172,0.2656969428062439,5
Weather,192,PatchTST,173,0.26664406061172485,5
Weather,192,PatchTST,174,0.2677791118621826,5
Weather,192,PatchTST,175,0.26875609159469604,5
Weather,192,PatchTST,176,0.2696346938610077,5
Weather,192,PatchTST,177,0.27044352889060974,5
Weather,192,PatchTST,178,0.2714403569698334,5
Weather,192,PatchTST,179,0.27182334661483765,5
Weather,192,PatchTST,180,0.27275970578193665,5
Weather,192,PatchTST,181,0.273729145526886,5
Weather,192,PatchTST,182,0.2743951678276062,5
Weather,192,PatchTST,183,0.2756563425064087,5
Weather,192,PatchTST,184,0.27629679441452026,5
Weather,192,PatchTST,185,0.2772652804851532,5
Weather,192,PatchTST,186,0.27820608019828796,5
Weather,192,PatchTST,187,0.2788271903991699,5
Weather,192,PatchTST,188,0.2790140211582184,5
Weather,192,PatchTST,189,0.28001269698143005,5
Weather,192,PatchTST,190,0.2806313633918762,5
Weather,192,PatchTST,191,0.2811622619628906,5
Weather,192,PatchTST,192,0.2811536490917206,5
Weather,192,PatchFusionBERT_v0,1,0.03887595981359482,5
Weather,192,PatchFusionBERT_v0,2,0.0512208566069603,5
Weather,192,PatchFusionBERT_v0,3,0.0631883293390274,5
Weather,192,PatchFusionBERT_v0,4,0.06794203072786331,5
Weather,192,PatchFusionBERT_v0,5,0.07377655804157257,5
Weather,192,PatchFusionBERT_v0,6,0.07781712710857391,5
Weather,192,PatchFusionBERT_v0,7,0.0815691202878952,5
Weather,192,PatchFusionBERT_v0,8,0.08363646268844604,5
Weather,192,PatchFusionBERT_v0,9,0.08732195198535919,5
Weather,192,PatchFusionBERT_v0,10,0.09124920517206192,5
Weather,192,PatchFusionBERT_v0,11,0.09389588236808777,5
Weather,192,PatchFusionBERT_v0,12,0.09689435362815857,5
Weather,192,PatchFusionBERT_v0,13,0.09879846125841141,5
Weather,192,PatchFusionBERT_v0,14,0.10163673013448715,5
Weather,192,PatchFusionBERT_v0,15,0.10394264757633209,5
Weather,192,PatchFusionBERT_v0,16,0.1059727892279625,5
Weather,192,PatchFusionBERT_v0,17,0.10846000909805298,5
Weather,192,PatchFusionBERT_v0,18,0.1110817939043045,5
Weather,192,PatchFusionBERT_v0,19,0.11301843076944351,5
Weather,192,PatchFusionBERT_v0,20,0.11571066081523895,5
Weather,192,PatchFusionBERT_v0,21,0.11728526651859283,5
Weather,192,PatchFusionBERT_v0,22,0.11971189081668854,5
Weather,192,PatchFusionBERT_v0,23,0.1214962750673294,5
Weather,192,PatchFusionBERT_v0,24,0.12334130704402924,5
Weather,192,PatchFusionBERT_v0,25,0.12567417323589325,5
Weather,192,PatchFusionBERT_v0,26,0.1276334971189499,5
Weather,192,PatchFusionBERT_v0,27,0.12937843799591064,5
Weather,192,PatchFusionBERT_v0,28,0.1309054046869278,5
Weather,192,PatchFusionBERT_v0,29,0.1328146904706955,5
Weather,192,PatchFusionBERT_v0,30,0.13507921993732452,5
Weather,192,PatchFusionBERT_v0,31,0.13620556890964508,5
Weather,192,PatchFusionBERT_v0,32,0.13825201988220215,5
Weather,192,PatchFusionBERT_v0,33,0.13971617817878723,5
Weather,192,PatchFusionBERT_v0,34,0.14182572066783905,5
Weather,192,PatchFusionBERT_v0,35,0.14235611259937286,5
Weather,192,PatchFusionBERT_v0,36,0.1437256783246994,5
Weather,192,PatchFusionBERT_v0,37,0.14551332592964172,5
Weather,192,PatchFusionBERT_v0,38,0.1486932337284088,5
Weather,192,PatchFusionBERT_v0,39,0.14797908067703247,5
Weather,192,PatchFusionBERT_v0,40,0.14946213364601135,5
Weather,192,PatchFusionBERT_v0,41,0.15163536369800568,5
Weather,192,PatchFusionBERT_v0,42,0.15293177962303162,5
Weather,192,PatchFusionBERT_v0,43,0.1536044180393219,5
Weather,192,PatchFusionBERT_v0,44,0.15506674349308014,5
Weather,192,PatchFusionBERT_v0,45,0.15663288533687592,5
Weather,192,PatchFusionBERT_v0,46,0.1573469638824463,5
Weather,192,PatchFusionBERT_v0,47,0.15885977447032928,5
Weather,192,PatchFusionBERT_v0,48,0.16003713011741638,5
Weather,192,PatchFusionBERT_v0,49,0.16099444031715393,5
Weather,192,PatchFusionBERT_v0,50,0.16252315044403076,5
Weather,192,PatchFusionBERT_v0,51,0.1640886664390564,5
Weather,192,PatchFusionBERT_v0,52,0.16492332518100739,5
Weather,192,PatchFusionBERT_v0,53,0.16644978523254395,5
Weather,192,PatchFusionBERT_v0,54,0.16795672476291656,5
Weather,192,PatchFusionBERT_v0,55,0.16960059106349945,5
Weather,192,PatchFusionBERT_v0,56,0.17034228146076202,5
Weather,192,PatchFusionBERT_v0,57,0.17163008451461792,5
Weather,192,PatchFusionBERT_v0,58,0.17505082488059998,5
Weather,192,PatchFusionBERT_v0,59,0.17370623350143433,5
Weather,192,PatchFusionBERT_v0,60,0.17463016510009766,5
Weather,192,PatchFusionBERT_v0,61,0.17555606365203857,5
Weather,192,PatchFusionBERT_v0,62,0.1766221821308136,5
Weather,192,PatchFusionBERT_v0,63,0.17786303162574768,5
Weather,192,PatchFusionBERT_v0,64,0.17913654446601868,5
Weather,192,PatchFusionBERT_v0,65,0.18099871277809143,5
Weather,192,PatchFusionBERT_v0,66,0.18198251724243164,5
Weather,192,PatchFusionBERT_v0,67,0.18243321776390076,5
Weather,192,PatchFusionBERT_v0,68,0.183798685669899,5
Weather,192,PatchFusionBERT_v0,69,0.18444907665252686,5
Weather,192,PatchFusionBERT_v0,70,0.18535205721855164,5
Weather,192,PatchFusionBERT_v0,71,0.18633559346199036,5
Weather,192,PatchFusionBERT_v0,72,0.18697193264961243,5
Weather,192,PatchFusionBERT_v0,73,0.18769338726997375,5
Weather,192,PatchFusionBERT_v0,74,0.18850642442703247,5
Weather,192,PatchFusionBERT_v0,75,0.18928217887878418,5
Weather,192,PatchFusionBERT_v0,76,0.19071327149868011,5
Weather,192,PatchFusionBERT_v0,77,0.1910901814699173,5
Weather,192,PatchFusionBERT_v0,78,0.19184313714504242,5
Weather,192,PatchFusionBERT_v0,79,0.19280995428562164,5
Weather,192,PatchFusionBERT_v0,80,0.19352367520332336,5
Weather,192,PatchFusionBERT_v0,81,0.1944458782672882,5
Weather,192,PatchFusionBERT_v0,82,0.19535556435585022,5
Weather,192,PatchFusionBERT_v0,83,0.1960102617740631,5
Weather,192,PatchFusionBERT_v0,84,0.1965077817440033,5
Weather,192,PatchFusionBERT_v0,85,0.19727244973182678,5
Weather,192,PatchFusionBERT_v0,86,0.19783270359039307,5
Weather,192,PatchFusionBERT_v0,87,0.19830213487148285,5
Weather,192,PatchFusionBERT_v0,88,0.19931194186210632,5
Weather,192,PatchFusionBERT_v0,89,0.1996423900127411,5
Weather,192,PatchFusionBERT_v0,90,0.20047588646411896,5
Weather,192,PatchFusionBERT_v0,91,0.20101182162761688,5
Weather,192,PatchFusionBERT_v0,92,0.20149242877960205,5
Weather,192,PatchFusionBERT_v0,93,0.20229363441467285,5
Weather,192,PatchFusionBERT_v0,94,0.2027064859867096,5
Weather,192,PatchFusionBERT_v0,95,0.20395693182945251,5
Weather,192,PatchFusionBERT_v0,96,0.20552292466163635,5
Weather,192,PatchFusionBERT_v0,97,0.20557379722595215,5
Weather,192,PatchFusionBERT_v0,98,0.20635156333446503,5
Weather,192,PatchFusionBERT_v0,99,0.20707789063453674,5
Weather,192,PatchFusionBERT_v0,100,0.20715296268463135,5
Weather,192,PatchFusionBERT_v0,101,0.20809006690979004,5
Weather,192,PatchFusionBERT_v0,102,0.20938269793987274,5
Weather,192,PatchFusionBERT_v0,103,0.2089795172214508,5
Weather,192,PatchFusionBERT_v0,104,0.20922736823558807,5
Weather,192,PatchFusionBERT_v0,105,0.2102431058883667,5
Weather,192,PatchFusionBERT_v0,106,0.2111470252275467,5
Weather,192,PatchFusionBERT_v0,107,0.21127302944660187,5
Weather,192,PatchFusionBERT_v0,108,0.2120521366596222,5
Weather,192,PatchFusionBERT_v0,109,0.212943434715271,5
Weather,192,PatchFusionBERT_v0,110,0.2130691111087799,5
Weather,192,PatchFusionBERT_v0,111,0.213664248585701,5
Weather,192,PatchFusionBERT_v0,112,0.21458885073661804,5
Weather,192,PatchFusionBERT_v0,113,0.21548743546009064,5
Weather,192,PatchFusionBERT_v0,114,0.21567697823047638,5
Weather,192,PatchFusionBERT_v0,115,0.2159971296787262,5
Weather,192,PatchFusionBERT_v0,116,0.2168344259262085,5
Weather,192,PatchFusionBERT_v0,117,0.2171887904405594,5
Weather,192,PatchFusionBERT_v0,118,0.21787163615226746,5
Weather,192,PatchFusionBERT_v0,119,0.2182506024837494,5
Weather,192,PatchFusionBERT_v0,120,0.2191169708967209,5
Weather,192,PatchFusionBERT_v0,121,0.21960346400737762,5
Weather,192,PatchFusionBERT_v0,122,0.22061800956726074,5
Weather,192,PatchFusionBERT_v0,123,0.22088098526000977,5
Weather,192,PatchFusionBERT_v0,124,0.22176365554332733,5
Weather,192,PatchFusionBERT_v0,125,0.22174055874347687,5
Weather,192,PatchFusionBERT_v0,126,0.22244390845298767,5
Weather,192,PatchFusionBERT_v0,127,0.22295264899730682,5
Weather,192,PatchFusionBERT_v0,128,0.22359895706176758,5
Weather,192,PatchFusionBERT_v0,129,0.22483591735363007,5
Weather,192,PatchFusionBERT_v0,130,0.22495658695697784,5
Weather,192,PatchFusionBERT_v0,131,0.22510845959186554,5
Weather,192,PatchFusionBERT_v0,132,0.22555065155029297,5
Weather,192,PatchFusionBERT_v0,133,0.22628362476825714,5
Weather,192,PatchFusionBERT_v0,134,0.2265513390302658,5
Weather,192,PatchFusionBERT_v0,135,0.22708538174629211,5
Weather,192,PatchFusionBERT_v0,136,0.22841449081897736,5
Weather,192,PatchFusionBERT_v0,137,0.22885386645793915,5
Weather,192,PatchFusionBERT_v0,138,0.22931353747844696,5
Weather,192,PatchFusionBERT_v0,139,0.22934648394584656,5
Weather,192,PatchFusionBERT_v0,140,0.2307974100112915,5
Weather,192,PatchFusionBERT_v0,141,0.23417839407920837,5
Weather,192,PatchFusionBERT_v0,142,0.23181740939617157,5
Weather,192,PatchFusionBERT_v0,143,0.2332220822572708,5
Weather,192,PatchFusionBERT_v0,144,0.233785942196846,5
Weather,192,PatchFusionBERT_v0,145,0.23492082953453064,5
Weather,192,PatchFusionBERT_v0,146,0.2355387657880783,5
Weather,192,PatchFusionBERT_v0,147,0.23620232939720154,5
Weather,192,PatchFusionBERT_v0,148,0.23768672347068787,5
Weather,192,PatchFusionBERT_v0,149,0.23868417739868164,5
Weather,192,PatchFusionBERT_v0,150,0.23950576782226562,5
Weather,192,PatchFusionBERT_v0,151,0.2404671013355255,5
Weather,192,PatchFusionBERT_v0,152,0.2412569522857666,5
Weather,192,PatchFusionBERT_v0,153,0.2427159547805786,5
Weather,192,PatchFusionBERT_v0,154,0.24368354678153992,5
Weather,192,PatchFusionBERT_v0,155,0.24398092925548553,5
Weather,192,PatchFusionBERT_v0,156,0.24542780220508575,5
Weather,192,PatchFusionBERT_v0,157,0.24653363227844238,5
Weather,192,PatchFusionBERT_v0,158,0.2473229616880417,5
Weather,192,PatchFusionBERT_v0,159,0.24849584698677063,5
Weather,192,PatchFusionBERT_v0,160,0.24974553287029266,5
Weather,192,PatchFusionBERT_v0,161,0.2506226897239685,5
Weather,192,PatchFusionBERT_v0,162,0.2516637444496155,5
Weather,192,PatchFusionBERT_v0,163,0.2529037594795227,5
Weather,192,PatchFusionBERT_v0,164,0.2540583908557892,5
Weather,192,PatchFusionBERT_v0,165,0.2549717426300049,5
Weather,192,PatchFusionBERT_v0,166,0.25618910789489746,5
Weather,192,PatchFusionBERT_v0,167,0.25732606649398804,5
Weather,192,PatchFusionBERT_v0,168,0.2584966719150543,5
Weather,192,PatchFusionBERT_v0,169,0.25972896814346313,5
Weather,192,PatchFusionBERT_v0,170,0.2605971097946167,5
Weather,192,PatchFusionBERT_v0,171,0.261993944644928,5
Weather,192,PatchFusionBERT_v0,172,0.26266852021217346,5
Weather,192,PatchFusionBERT_v0,173,0.26358047127723694,5
Weather,192,PatchFusionBERT_v0,174,0.2646147906780243,5
Weather,192,PatchFusionBERT_v0,175,0.26538386940956116,5
Weather,192,PatchFusionBERT_v0,176,0.2672733664512634,5
Weather,192,PatchFusionBERT_v0,177,0.2669731676578522,5
Weather,192,PatchFusionBERT_v0,178,0.26805195212364197,5
Weather,192,PatchFusionBERT_v0,179,0.26888447999954224,5
Weather,192,PatchFusionBERT_v0,180,0.27028414607048035,5
Weather,192,PatchFusionBERT_v0,181,0.27075284719467163,5
Weather,192,PatchFusionBERT_v0,182,0.27159422636032104,5
Weather,192,PatchFusionBERT_v0,183,0.2728646695613861,5
Weather,192,PatchFusionBERT_v0,184,0.27351275086402893,5
Weather,192,PatchFusionBERT_v0,185,0.2746545076370239,5
Weather,192,PatchFusionBERT_v0,186,0.27503448724746704,5
Weather,192,PatchFusionBERT_v0,187,0.27577275037765503,5
Weather,192,PatchFusionBERT_v0,188,0.27645793557167053,5
Weather,192,PatchFusionBERT_v0,189,0.2771058678627014,5
Weather,192,PatchFusionBERT_v0,190,0.27798643708229065,5
Weather,192,PatchFusionBERT_v0,191,0.2782703936100006,5
Weather,192,PatchFusionBERT_v0,192,0.27963119745254517,5
ETTm2,192,DLinear,1,0.03329348936676979,5
ETTm2,192,DLinear,2,0.04779404029250145,5
ETTm2,192,DLinear,3,0.05733334273099899,5
ETTm2,192,DLinear,4,0.06419746577739716,5
ETTm2,192,DLinear,5,0.07223137468099594,5
ETTm2,192,DLinear,6,0.07676412165164948,5
ETTm2,192,DLinear,7,0.0818450003862381,5
ETTm2,192,DLinear,8,0.08541226387023926,5
ETTm2,192,DLinear,9,0.08988184481859207,5
ETTm2,192,DLinear,10,0.0937594324350357,5
ETTm2,192,DLinear,11,0.09818198531866074,5
ETTm2,192,DLinear,12,0.10184180736541748,5
ETTm2,192,DLinear,13,0.10524189472198486,5
ETTm2,192,DLinear,14,0.10903338342905045,5
ETTm2,192,DLinear,15,0.11352603137493134,5
ETTm2,192,DLinear,16,0.1170114278793335,5
ETTm2,192,DLinear,17,0.11934491246938705,5
ETTm2,192,DLinear,18,0.12204792350530624,5
ETTm2,192,DLinear,19,0.12404835224151611,5
ETTm2,192,DLinear,20,0.1266631782054901,5
ETTm2,192,DLinear,21,0.12868110835552216,5
ETTm2,192,DLinear,22,0.1312805712223053,5
ETTm2,192,DLinear,23,0.13381753861904144,5
ETTm2,192,DLinear,24,0.13609066605567932,5
ETTm2,192,DLinear,25,0.1387059986591339,5
ETTm2,192,DLinear,26,0.14106690883636475,5
ETTm2,192,DLinear,27,0.14290109276771545,5
ETTm2,192,DLinear,28,0.1457699090242386,5
ETTm2,192,DLinear,29,0.1473274677991867,5
ETTm2,192,DLinear,30,0.14947465062141418,5
ETTm2,192,DLinear,31,0.15112222731113434,5
ETTm2,192,DLinear,32,0.152775838971138,5
ETTm2,192,DLinear,33,0.15388402342796326,5
ETTm2,192,DLinear,34,0.15585356950759888,5
ETTm2,192,DLinear,35,0.15829631686210632,5
ETTm2,192,DLinear,36,0.15952236950397491,5
ETTm2,192,DLinear,37,0.1610555201768875,5
ETTm2,192,DLinear,38,0.16392739117145538,5
ETTm2,192,DLinear,39,0.1649881899356842,5
ETTm2,192,DLinear,40,0.16604205965995789,5
ETTm2,192,DLinear,41,0.16763658821582794,5
ETTm2,192,DLinear,42,0.16895438730716705,5
ETTm2,192,DLinear,43,0.17054224014282227,5
ETTm2,192,DLinear,44,0.17261402308940887,5
ETTm2,192,DLinear,45,0.17359702289104462,5
ETTm2,192,DLinear,46,0.17585967481136322,5
ETTm2,192,DLinear,47,0.17821189761161804,5
ETTm2,192,DLinear,48,0.17824411392211914,5
ETTm2,192,DLinear,49,0.17924082279205322,5
ETTm2,192,DLinear,50,0.181191086769104,5
ETTm2,192,DLinear,51,0.18234744668006897,5
ETTm2,192,DLinear,52,0.18375568091869354,5
ETTm2,192,DLinear,53,0.18673625588417053,5
ETTm2,192,DLinear,54,0.1886770874261856,5
ETTm2,192,DLinear,55,0.1892276108264923,5
ETTm2,192,DLinear,56,0.19102784991264343,5
ETTm2,192,DLinear,57,0.19210048019886017,5
ETTm2,192,DLinear,58,0.19276051223278046,5
ETTm2,192,DLinear,59,0.19351103901863098,5
ETTm2,192,DLinear,60,0.19538819789886475,5
ETTm2,192,DLinear,61,0.19585020840168,5
ETTm2,192,DLinear,62,0.1970461755990982,5
ETTm2,192,DLinear,63,0.1977350413799286,5
ETTm2,192,DLinear,64,0.19848693907260895,5
ETTm2,192,DLinear,65,0.19915220141410828,5
ETTm2,192,DLinear,66,0.19937704503536224,5
ETTm2,192,DLinear,67,0.20107635855674744,5
ETTm2,192,DLinear,68,0.20156781375408173,5
ETTm2,192,DLinear,69,0.20291118323802948,5
ETTm2,192,DLinear,70,0.20513026416301727,5
ETTm2,192,DLinear,71,0.20541489124298096,5
ETTm2,192,DLinear,72,0.20520897209644318,5
ETTm2,192,DLinear,73,0.20658795535564423,5
ETTm2,192,DLinear,74,0.20742876827716827,5
ETTm2,192,DLinear,75,0.20808224380016327,5
ETTm2,192,DLinear,76,0.20989783108234406,5
ETTm2,192,DLinear,77,0.2111349105834961,5
ETTm2,192,DLinear,78,0.21169006824493408,5
ETTm2,192,DLinear,79,0.2128332108259201,5
ETTm2,192,DLinear,80,0.21381314098834991,5
ETTm2,192,DLinear,81,0.21525856852531433,5
ETTm2,192,DLinear,82,0.21591702103614807,5
ETTm2,192,DLinear,83,0.21645231544971466,5
ETTm2,192,DLinear,84,0.2176581621170044,5
ETTm2,192,DLinear,85,0.21838465332984924,5
ETTm2,192,DLinear,86,0.21928811073303223,5
ETTm2,192,DLinear,87,0.2203454077243805,5
ETTm2,192,DLinear,88,0.22099456191062927,5
ETTm2,192,DLinear,89,0.2230442315340042,5
ETTm2,192,DLinear,90,0.22432056069374084,5
ETTm2,192,DLinear,91,0.2239115685224533,5
ETTm2,192,DLinear,92,0.22396795451641083,5
ETTm2,192,DLinear,93,0.22482898831367493,5
ETTm2,192,DLinear,94,0.22526578605175018,5
ETTm2,192,DLinear,95,0.22737261652946472,5
ETTm2,192,DLinear,96,0.2294507920742035,5
ETTm2,192,DLinear,97,0.2324085682630539,5
ETTm2,192,DLinear,98,0.23447437584400177,5
ETTm2,192,DLinear,99,0.23753269016742706,5
ETTm2,192,DLinear,100,0.23965466022491455,5
ETTm2,192,DLinear,101,0.24164097011089325,5
ETTm2,192,DLinear,102,0.2449207305908203,5
ETTm2,192,DLinear,103,0.2477141171693802,5
ETTm2,192,DLinear,104,0.24844828248023987,5
ETTm2,192,DLinear,105,0.24931450188159943,5
ETTm2,192,DLinear,106,0.2519973814487457,5
ETTm2,192,DLinear,107,0.2547609210014343,5
ETTm2,192,DLinear,108,0.2565784752368927,5
ETTm2,192,DLinear,109,0.25872138142585754,5
ETTm2,192,DLinear,110,0.26130372285842896,5
ETTm2,192,DLinear,111,0.26266926527023315,5
ETTm2,192,DLinear,112,0.26238688826560974,5
ETTm2,192,DLinear,113,0.2654206454753876,5
ETTm2,192,DLinear,114,0.2653177082538605,5
ETTm2,192,DLinear,115,0.26630836725234985,5
ETTm2,192,DLinear,116,0.26658546924591064,5
ETTm2,192,DLinear,117,0.26865050196647644,5
ETTm2,192,DLinear,118,0.27111825346946716,5
ETTm2,192,DLinear,119,0.27323222160339355,5
ETTm2,192,DLinear,120,0.2758958339691162,5
ETTm2,192,DLinear,121,0.2766616940498352,5
ETTm2,192,DLinear,122,0.2765429615974426,5
ETTm2,192,DLinear,123,0.2786868214607239,5
ETTm2,192,DLinear,124,0.28058362007141113,5
ETTm2,192,DLinear,125,0.28143244981765747,5
ETTm2,192,DLinear,126,0.28250813484191895,5
ETTm2,192,DLinear,127,0.2828197181224823,5
ETTm2,192,DLinear,128,0.2854181230068207,5
ETTm2,192,DLinear,129,0.28815945982933044,5
ETTm2,192,DLinear,130,0.28640633821487427,5
ETTm2,192,DLinear,131,0.28674477338790894,5
ETTm2,192,DLinear,132,0.28790441155433655,5
ETTm2,192,DLinear,133,0.28960350155830383,5
ETTm2,192,DLinear,134,0.2902370095252991,5
ETTm2,192,DLinear,135,0.29102975130081177,5
ETTm2,192,DLinear,136,0.29318690299987793,5
ETTm2,192,DLinear,137,0.29372352361679077,5
ETTm2,192,DLinear,138,0.29328691959381104,5
ETTm2,192,DLinear,139,0.2924324870109558,5
ETTm2,192,DLinear,140,0.29485368728637695,5
ETTm2,192,DLinear,141,0.2954300045967102,5
ETTm2,192,DLinear,142,0.296575129032135,5
ETTm2,192,DLinear,143,0.29855215549468994,5
ETTm2,192,DLinear,144,0.2997083067893982,5
ETTm2,192,DLinear,145,0.30016812682151794,5
ETTm2,192,DLinear,146,0.298818439245224,5
ETTm2,192,DLinear,147,0.30007100105285645,5
ETTm2,192,DLinear,148,0.30180680751800537,5
ETTm2,192,DLinear,149,0.30253419280052185,5
ETTm2,192,DLinear,150,0.30712348222732544,5
ETTm2,192,DLinear,151,0.30694717168807983,5
ETTm2,192,DLinear,152,0.30822664499282837,5
ETTm2,192,DLinear,153,0.30795034766197205,5
ETTm2,192,DLinear,154,0.3107052743434906,5
ETTm2,192,DLinear,155,0.3113250136375427,5
ETTm2,192,DLinear,156,0.31225132942199707,5
ETTm2,192,DLinear,157,0.3105596899986267,5
ETTm2,192,DLinear,158,0.310356080532074,5
ETTm2,192,DLinear,159,0.3118390440940857,5
ETTm2,192,DLinear,160,0.31465601921081543,5
ETTm2,192,DLinear,161,0.31352221965789795,5
ETTm2,192,DLinear,162,0.3124745190143585,5
ETTm2,192,DLinear,163,0.31215035915374756,5
ETTm2,192,DLinear,164,0.31193745136260986,5
ETTm2,192,DLinear,165,0.31305667757987976,5
ETTm2,192,DLinear,166,0.3128475248813629,5
ETTm2,192,DLinear,167,0.31277430057525635,5
ETTm2,192,DLinear,168,0.3129372000694275,5
ETTm2,192,DLinear,169,0.3150996267795563,5
ETTm2,192,DLinear,170,0.31377583742141724,5
ETTm2,192,DLinear,171,0.31449905037879944,5
ETTm2,192,DLinear,172,0.3153800368309021,5
ETTm2,192,DLinear,173,0.3178877830505371,5
ETTm2,192,DLinear,174,0.3207830786705017,5
ETTm2,192,DLinear,175,0.32066696882247925,5
ETTm2,192,DLinear,176,0.3210095763206482,5
ETTm2,192,DLinear,177,0.32301267981529236,5
ETTm2,192,DLinear,178,0.3229936361312866,5
ETTm2,192,DLinear,179,0.32459038496017456,5
ETTm2,192,DLinear,180,0.3243124485015869,5
ETTm2,192,DLinear,181,0.3238569498062134,5
ETTm2,192,DLinear,182,0.3223266005516052,5
ETTm2,192,DLinear,183,0.3238042891025543,5
ETTm2,192,DLinear,184,0.3253335952758789,5
ETTm2,192,DLinear,185,0.32229360938072205,5
ETTm2,192,DLinear,186,0.3238877058029175,5
ETTm2,192,DLinear,187,0.3250955641269684,5
ETTm2,192,DLinear,188,0.3249063193798065,5
ETTm2,192,DLinear,189,0.32529300451278687,5
ETTm2,192,DLinear,190,0.3261561989784241,5
ETTm2,192,DLinear,191,0.32869452238082886,5
ETTm2,192,DLinear,192,0.32795560359954834,5
ETTm2,192,PatchTST,1,0.03830131143331528,5
ETTm2,192,PatchTST,2,0.05213899165391922,5
ETTm2,192,PatchTST,3,0.06200413778424263,5
ETTm2,192,PatchTST,4,0.06872093677520752,5
ETTm2,192,PatchTST,5,0.07344029098749161,5
ETTm2,192,PatchTST,6,0.07970865070819855,5
ETTm2,192,PatchTST,7,0.08366610109806061,5
ETTm2,192,PatchTST,8,0.08830847591161728,5
ETTm2,192,PatchTST,9,0.09293484687805176,5
ETTm2,192,PatchTST,10,0.09709972888231277,5
ETTm2,192,PatchTST,11,0.10058845579624176,5
ETTm2,192,PatchTST,12,0.10554232448339462,5
ETTm2,192,PatchTST,13,0.11023882776498795,5
ETTm2,192,PatchTST,14,0.11302411556243896,5
ETTm2,192,PatchTST,15,0.11556416749954224,5
ETTm2,192,PatchTST,16,0.11891642957925797,5
ETTm2,192,PatchTST,17,0.12189539521932602,5
ETTm2,192,PatchTST,18,0.12503497302532196,5
ETTm2,192,PatchTST,19,0.12802937626838684,5
ETTm2,192,PatchTST,20,0.1307806670665741,5
ETTm2,192,PatchTST,21,0.1346617490053177,5
ETTm2,192,PatchTST,22,0.13703061640262604,5
ETTm2,192,PatchTST,23,0.1391211897134781,5
ETTm2,192,PatchTST,24,0.1410161703824997,5
ETTm2,192,PatchTST,25,0.1448543518781662,5
ETTm2,192,PatchTST,26,0.14662763476371765,5
ETTm2,192,PatchTST,27,0.14939072728157043,5
ETTm2,192,PatchTST,28,0.15100494027137756,5
ETTm2,192,PatchTST,29,0.15483015775680542,5
ETTm2,192,PatchTST,30,0.15664759278297424,5
ETTm2,192,PatchTST,31,0.16105501353740692,5
ETTm2,192,PatchTST,32,0.16174083948135376,5
ETTm2,192,PatchTST,33,0.16377641260623932,5
ETTm2,192,PatchTST,34,0.16475573182106018,5
ETTm2,192,PatchTST,35,0.16702798008918762,5
ETTm2,192,PatchTST,36,0.16853120923042297,5
ETTm2,192,PatchTST,37,0.17008689045906067,5
ETTm2,192,PatchTST,38,0.1721232682466507,5
ETTm2,192,PatchTST,39,0.17570945620536804,5
ETTm2,192,PatchTST,40,0.17731989920139313,5
ETTm2,192,PatchTST,41,0.17868588864803314,5
ETTm2,192,PatchTST,42,0.181016206741333,5
ETTm2,192,PatchTST,43,0.18147854506969452,5
ETTm2,192,PatchTST,44,0.18153318762779236,5
ETTm2,192,PatchTST,45,0.1829340159893036,5
ETTm2,192,PatchTST,46,0.18251903355121613,5
ETTm2,192,PatchTST,47,0.18612247705459595,5
ETTm2,192,PatchTST,48,0.1883668601512909,5
ETTm2,192,PatchTST,49,0.18815095722675323,5
ETTm2,192,PatchTST,50,0.1908237636089325,5
ETTm2,192,PatchTST,51,0.19252565503120422,5
ETTm2,192,PatchTST,52,0.19339625537395477,5
ETTm2,192,PatchTST,53,0.19439753890037537,5
ETTm2,192,PatchTST,54,0.19638869166374207,5
ETTm2,192,PatchTST,55,0.19805535674095154,5
ETTm2,192,PatchTST,56,0.19845525920391083,5
ETTm2,192,PatchTST,57,0.20064499974250793,5
ETTm2,192,PatchTST,58,0.19988760352134705,5
ETTm2,192,PatchTST,59,0.20191749930381775,5
ETTm2,192,PatchTST,60,0.20143763720989227,5
ETTm2,192,PatchTST,61,0.20302557945251465,5
ETTm2,192,PatchTST,62,0.20478256046772003,5
ETTm2,192,PatchTST,63,0.20598654448986053,5
ETTm2,192,PatchTST,64,0.20656275749206543,5
ETTm2,192,PatchTST,65,0.20864805579185486,5
ETTm2,192,PatchTST,66,0.2109522819519043,5
ETTm2,192,PatchTST,67,0.21163085103034973,5
ETTm2,192,PatchTST,68,0.21312622725963593,5
ETTm2,192,PatchTST,69,0.21539649367332458,5
ETTm2,192,PatchTST,70,0.21665553748607635,5
ETTm2,192,PatchTST,71,0.21856281161308289,5
ETTm2,192,PatchTST,72,0.219417005777359,5
ETTm2,192,PatchTST,73,0.21921169757843018,5
ETTm2,192,PatchTST,74,0.2213551104068756,5
ETTm2,192,PatchTST,75,0.2215675562620163,5
ETTm2,192,PatchTST,76,0.2210993468761444,5
ETTm2,192,PatchTST,77,0.222074955701828,5
ETTm2,192,PatchTST,78,0.22374220192432404,5
ETTm2,192,PatchTST,79,0.2237797975540161,5
ETTm2,192,PatchTST,80,0.2248845100402832,5
ETTm2,192,PatchTST,81,0.22647610306739807,5
ETTm2,192,PatchTST,82,0.22634980082511902,5
ETTm2,192,PatchTST,83,0.22757479548454285,5
ETTm2,192,PatchTST,84,0.22822518646717072,5
ETTm2,192,PatchTST,85,0.22945380210876465,5
ETTm2,192,PatchTST,86,0.23040597140789032,5
ETTm2,192,PatchTST,87,0.2308977097272873,5
ETTm2,192,PatchTST,88,0.23373866081237793,5
ETTm2,192,PatchTST,89,0.23353497684001923,5
ETTm2,192,PatchTST,90,0.2336900681257248,5
ETTm2,192,PatchTST,91,0.23522710800170898,5
ETTm2,192,PatchTST,92,0.23573999106884003,5
ETTm2,192,PatchTST,93,0.23579910397529602,5
ETTm2,192,PatchTST,94,0.2377282828092575,5
ETTm2,192,PatchTST,95,0.2395021617412567,5
ETTm2,192,PatchTST,96,0.24079576134681702,5
ETTm2,192,PatchTST,97,0.2435133457183838,5
ETTm2,192,PatchTST,98,0.24628686904907227,5
ETTm2,192,PatchTST,99,0.24974343180656433,5
ETTm2,192,PatchTST,100,0.2531958222389221,5
ETTm2,192,PatchTST,101,0.25263816118240356,5
ETTm2,192,PatchTST,102,0.25585663318634033,5
ETTm2,192,PatchTST,103,0.25546786189079285,5
ETTm2,192,PatchTST,104,0.25894516706466675,5
ETTm2,192,PatchTST,105,0.2603055238723755,5
ETTm2,192,PatchTST,106,0.26237374544143677,5
ETTm2,192,PatchTST,107,0.26447296142578125,5
ETTm2,192,PatchTST,108,0.266923189163208,5
ETTm2,192,PatchTST,109,0.2682117521762848,5
ETTm2,192,PatchTST,110,0.2710525691509247,5
ETTm2,192,PatchTST,111,0.27125564217567444,5
ETTm2,192,PatchTST,112,0.27299365401268005,5
ETTm2,192,PatchTST,113,0.2738654613494873,5
ETTm2,192,PatchTST,114,0.27582377195358276,5
ETTm2,192,PatchTST,115,0.2779030501842499,5
ETTm2,192,PatchTST,116,0.27906936407089233,5
ETTm2,192,PatchTST,117,0.28071242570877075,5
ETTm2,192,PatchTST,118,0.28084999322891235,5
ETTm2,192,PatchTST,119,0.2831290364265442,5
ETTm2,192,PatchTST,120,0.28379374742507935,5
ETTm2,192,PatchTST,121,0.2832755148410797,5
ETTm2,192,PatchTST,122,0.28483179211616516,5
ETTm2,192,PatchTST,123,0.28588300943374634,5
ETTm2,192,PatchTST,124,0.28828302025794983,5
ETTm2,192,PatchTST,125,0.288420170545578,5
ETTm2,192,PatchTST,126,0.289821594953537,5
ETTm2,192,PatchTST,127,0.29007667303085327,5
ETTm2,192,PatchTST,128,0.29124778509140015,5
ETTm2,192,PatchTST,129,0.29090020060539246,5
ETTm2,192,PatchTST,130,0.2927897572517395,5
ETTm2,192,PatchTST,131,0.293712854385376,5
ETTm2,192,PatchTST,132,0.29271039366722107,5
ETTm2,192,PatchTST,133,0.29505717754364014,5
ETTm2,192,PatchTST,134,0.29491859674453735,5
ETTm2,192,PatchTST,135,0.2976212501525879,5
ETTm2,192,PatchTST,136,0.3000519275665283,5
ETTm2,192,PatchTST,137,0.30114877223968506,5
ETTm2,192,PatchTST,138,0.29919636249542236,5
ETTm2,192,PatchTST,139,0.2997049391269684,5
ETTm2,192,PatchTST,140,0.30027949810028076,5
ETTm2,192,PatchTST,141,0.2989111542701721,5
ETTm2,192,PatchTST,142,0.30101972818374634,5
ETTm2,192,PatchTST,143,0.30037763714790344,5
ETTm2,192,PatchTST,144,0.3026195466518402,5
ETTm2,192,PatchTST,145,0.3036610782146454,5
ETTm2,192,PatchTST,146,0.30447179079055786,5
ETTm2,192,PatchTST,147,0.3042072057723999,5
ETTm2,192,PatchTST,148,0.3076820373535156,5
ETTm2,192,PatchTST,149,0.3059695363044739,5
ETTm2,192,PatchTST,150,0.3074001967906952,5
ETTm2,192,PatchTST,151,0.30693280696868896,5
ETTm2,192,PatchTST,152,0.3106142282485962,5
ETTm2,192,PatchTST,153,0.30777475237846375,5
ETTm2,192,PatchTST,154,0.31070736050605774,5
ETTm2,192,PatchTST,155,0.3115626275539398,5
ETTm2,192,PatchTST,156,0.3104425370693207,5
ETTm2,192,PatchTST,157,0.31164878606796265,5
ETTm2,192,PatchTST,158,0.31104037165641785,5
ETTm2,192,PatchTST,159,0.3124905526638031,5
ETTm2,192,PatchTST,160,0.31247803568840027,5
ETTm2,192,PatchTST,161,0.3158571720123291,5
ETTm2,192,PatchTST,162,0.31617942452430725,5
ETTm2,192,PatchTST,163,0.3162328600883484,5
ETTm2,192,PatchTST,164,0.3150649964809418,5
ETTm2,192,PatchTST,165,0.31575796008110046,5
ETTm2,192,PatchTST,166,0.3180609345436096,5
ETTm2,192,PatchTST,167,0.3176429271697998,5
ETTm2,192,PatchTST,168,0.316582590341568,5
ETTm2,192,PatchTST,169,0.3163578510284424,5
ETTm2,192,PatchTST,170,0.3179834485054016,5
ETTm2,192,PatchTST,171,0.31794777512550354,5
ETTm2,192,PatchTST,172,0.3176302909851074,5
ETTm2,192,PatchTST,173,0.3184894323348999,5
ETTm2,192,PatchTST,174,0.31745824217796326,5
ETTm2,192,PatchTST,175,0.31763413548469543,5
ETTm2,192,PatchTST,176,0.31907224655151367,5
ETTm2,192,PatchTST,177,0.3194192945957184,5
ETTm2,192,PatchTST,178,0.32030683755874634,5
ETTm2,192,PatchTST,179,0.32027849555015564,5
ETTm2,192,PatchTST,180,0.3194967210292816,5
ETTm2,192,PatchTST,181,0.31993311643600464,5
ETTm2,192,PatchTST,182,0.3191761076450348,5
ETTm2,192,PatchTST,183,0.3202516734600067,5
ETTm2,192,PatchTST,184,0.320514976978302,5
ETTm2,192,PatchTST,185,0.3215629458427429,5
ETTm2,192,PatchTST,186,0.32168206572532654,5
ETTm2,192,PatchTST,187,0.3216836452484131,5
ETTm2,192,PatchTST,188,0.3205663561820984,5
ETTm2,192,PatchTST,189,0.3216627240180969,5
ETTm2,192,PatchTST,190,0.322929710149765,5
ETTm2,192,PatchTST,191,0.3226829171180725,5
ETTm2,192,PatchTST,192,0.3257882595062256,5
ETTm2,192,PatchFusionBERT_v0,1,0.0368247851729393,5
ETTm2,192,PatchFusionBERT_v0,2,0.0505138635635376,5
ETTm2,192,PatchFusionBERT_v0,3,0.05935882776975632,5
ETTm2,192,PatchFusionBERT_v0,4,0.06658817827701569,5
ETTm2,192,PatchFusionBERT_v0,5,0.07289968430995941,5
ETTm2,192,PatchFusionBERT_v0,6,0.07803644239902496,5
ETTm2,192,PatchFusionBERT_v0,7,0.08214592933654785,5
ETTm2,192,PatchFusionBERT_v0,8,0.08693772554397583,5
ETTm2,192,PatchFusionBERT_v0,9,0.09176214039325714,5
ETTm2,192,PatchFusionBERT_v0,10,0.0961306169629097,5
ETTm2,192,PatchFusionBERT_v0,11,0.10022301971912384,5
ETTm2,192,PatchFusionBERT_v0,12,0.10377782583236694,5
ETTm2,192,PatchFusionBERT_v0,13,0.10751710087060928,5
ETTm2,192,PatchFusionBERT_v0,14,0.11093127727508545,5
ETTm2,192,PatchFusionBERT_v0,15,0.11487213522195816,5
ETTm2,192,PatchFusionBERT_v0,16,0.11775921285152435,5
ETTm2,192,PatchFusionBERT_v0,17,0.1205427274107933,5
ETTm2,192,PatchFusionBERT_v0,18,0.12216787040233612,5
ETTm2,192,PatchFusionBERT_v0,19,0.12536242604255676,5
ETTm2,192,PatchFusionBERT_v0,20,0.1292676329612732,5
ETTm2,192,PatchFusionBERT_v0,21,0.13285553455352783,5
ETTm2,192,PatchFusionBERT_v0,22,0.13505658507347107,5
ETTm2,192,PatchFusionBERT_v0,23,0.1390194445848465,5
ETTm2,192,PatchFusionBERT_v0,24,0.13970033824443817,5
ETTm2,192,PatchFusionBERT_v0,25,0.14233669638633728,5
ETTm2,192,PatchFusionBERT_v0,26,0.1451045572757721,5
ETTm2,192,PatchFusionBERT_v0,27,0.14647634327411652,5
ETTm2,192,PatchFusionBERT_v0,28,0.14864179491996765,5
ETTm2,192,PatchFusionBERT_v0,29,0.15040864050388336,5
ETTm2,192,PatchFusionBERT_v0,30,0.153109610080719,5
ETTm2,192,PatchFusionBERT_v0,31,0.15541914105415344,5
ETTm2,192,PatchFusionBERT_v0,32,0.15769663453102112,5
ETTm2,192,PatchFusionBERT_v0,33,0.16089963912963867,5
ETTm2,192,PatchFusionBERT_v0,34,0.16058674454689026,5
ETTm2,192,PatchFusionBERT_v0,35,0.1627904623746872,5
ETTm2,192,PatchFusionBERT_v0,36,0.16316255927085876,5
ETTm2,192,PatchFusionBERT_v0,37,0.1653827279806137,5
ETTm2,192,PatchFusionBERT_v0,38,0.16729210317134857,5
ETTm2,192,PatchFusionBERT_v0,39,0.1695495992898941,5
ETTm2,192,PatchFusionBERT_v0,40,0.1711481213569641,5
ETTm2,192,PatchFusionBERT_v0,41,0.17281290888786316,5
ETTm2,192,PatchFusionBERT_v0,42,0.17350079119205475,5
ETTm2,192,PatchFusionBERT_v0,43,0.1751265525817871,5
ETTm2,192,PatchFusionBERT_v0,44,0.17714719474315643,5
ETTm2,192,PatchFusionBERT_v0,45,0.17916491627693176,5
ETTm2,192,PatchFusionBERT_v0,46,0.17991651594638824,5
ETTm2,192,PatchFusionBERT_v0,47,0.1817392110824585,5
ETTm2,192,PatchFusionBERT_v0,48,0.1820838749408722,5
ETTm2,192,PatchFusionBERT_v0,49,0.1835433542728424,5
ETTm2,192,PatchFusionBERT_v0,50,0.18473045527935028,5
ETTm2,192,PatchFusionBERT_v0,51,0.18641839921474457,5
ETTm2,192,PatchFusionBERT_v0,52,0.18809545040130615,5
ETTm2,192,PatchFusionBERT_v0,53,0.1902935802936554,5
ETTm2,192,PatchFusionBERT_v0,54,0.19193026423454285,5
ETTm2,192,PatchFusionBERT_v0,55,0.19313079118728638,5
ETTm2,192,PatchFusionBERT_v0,56,0.19512715935707092,5
ETTm2,192,PatchFusionBERT_v0,57,0.1959809958934784,5
ETTm2,192,PatchFusionBERT_v0,58,0.19739358127117157,5
ETTm2,192,PatchFusionBERT_v0,59,0.1983831375837326,5
ETTm2,192,PatchFusionBERT_v0,60,0.200282484292984,5
ETTm2,192,PatchFusionBERT_v0,61,0.20122747123241425,5
ETTm2,192,PatchFusionBERT_v0,62,0.20398393273353577,5
ETTm2,192,PatchFusionBERT_v0,63,0.20410898327827454,5
ETTm2,192,PatchFusionBERT_v0,64,0.2043309509754181,5
ETTm2,192,PatchFusionBERT_v0,65,0.20533251762390137,5
ETTm2,192,PatchFusionBERT_v0,66,0.2057587206363678,5
ETTm2,192,PatchFusionBERT_v0,67,0.20771388709545135,5
ETTm2,192,PatchFusionBERT_v0,68,0.20984740555286407,5
ETTm2,192,PatchFusionBERT_v0,69,0.20997634530067444,5
ETTm2,192,PatchFusionBERT_v0,70,0.2110944241285324,5
ETTm2,192,PatchFusionBERT_v0,71,0.21241772174835205,5
ETTm2,192,PatchFusionBERT_v0,72,0.21335665881633759,5
ETTm2,192,PatchFusionBERT_v0,73,0.2148257941007614,5
ETTm2,192,PatchFusionBERT_v0,74,0.21592536568641663,5
ETTm2,192,PatchFusionBERT_v0,75,0.21668188273906708,5
ETTm2,192,PatchFusionBERT_v0,76,0.21837738156318665,5
ETTm2,192,PatchFusionBERT_v0,77,0.21901893615722656,5
ETTm2,192,PatchFusionBERT_v0,78,0.2192041128873825,5
ETTm2,192,PatchFusionBERT_v0,79,0.22014498710632324,5
ETTm2,192,PatchFusionBERT_v0,80,0.22020146250724792,5
ETTm2,192,PatchFusionBERT_v0,81,0.22076590359210968,5
ETTm2,192,PatchFusionBERT_v0,82,0.22204232215881348,5
ETTm2,192,PatchFusionBERT_v0,83,0.2231292426586151,5
ETTm2,192,PatchFusionBERT_v0,84,0.22386185824871063,5
ETTm2,192,PatchFusionBERT_v0,85,0.2240772694349289,5
ETTm2,192,PatchFusionBERT_v0,86,0.22566065192222595,5
ETTm2,192,PatchFusionBERT_v0,87,0.22652240097522736,5
ETTm2,192,PatchFusionBERT_v0,88,0.22716565430164337,5
ETTm2,192,PatchFusionBERT_v0,89,0.2281045913696289,5
ETTm2,192,PatchFusionBERT_v0,90,0.22971872985363007,5
ETTm2,192,PatchFusionBERT_v0,91,0.22989650070667267,5
ETTm2,192,PatchFusionBERT_v0,92,0.23054766654968262,5
ETTm2,192,PatchFusionBERT_v0,93,0.23154422640800476,5
ETTm2,192,PatchFusionBERT_v0,94,0.23223309218883514,5
ETTm2,192,PatchFusionBERT_v0,95,0.2336421012878418,5
ETTm2,192,PatchFusionBERT_v0,96,0.23578843474388123,5
ETTm2,192,PatchFusionBERT_v0,97,0.23783867061138153,5
ETTm2,192,PatchFusionBERT_v0,98,0.23990127444267273,5
ETTm2,192,PatchFusionBERT_v0,99,0.2417891025543213,5
ETTm2,192,PatchFusionBERT_v0,100,0.24410228431224823,5
ETTm2,192,PatchFusionBERT_v0,101,0.24649401009082794,5
ETTm2,192,PatchFusionBERT_v0,102,0.24722997844219208,5
ETTm2,192,PatchFusionBERT_v0,103,0.2486964762210846,5
ETTm2,192,PatchFusionBERT_v0,104,0.25120827555656433,5
ETTm2,192,PatchFusionBERT_v0,105,0.2528807520866394,5
ETTm2,192,PatchFusionBERT_v0,106,0.2550275921821594,5
ETTm2,192,PatchFusionBERT_v0,107,0.2557230293750763,5
ETTm2,192,PatchFusionBERT_v0,108,0.2591150104999542,5
ETTm2,192,PatchFusionBERT_v0,109,0.25842931866645813,5
ETTm2,192,PatchFusionBERT_v0,110,0.2601429522037506,5
ETTm2,192,PatchFusionBERT_v0,111,0.26184600591659546,5
ETTm2,192,PatchFusionBERT_v0,112,0.2631279230117798,5
ETTm2,192,PatchFusionBERT_v0,113,0.26322880387306213,5
ETTm2,192,PatchFusionBERT_v0,114,0.2660028338432312,5
ETTm2,192,PatchFusionBERT_v0,115,0.265756756067276,5
ETTm2,192,PatchFusionBERT_v0,116,0.2665015459060669,5
ETTm2,192,PatchFusionBERT_v0,117,0.2687278687953949,5
ETTm2,192,PatchFusionBERT_v0,118,0.2703244090080261,5
ETTm2,192,PatchFusionBERT_v0,119,0.27091702818870544,5
ETTm2,192,PatchFusionBERT_v0,120,0.2708768844604492,5
ETTm2,192,PatchFusionBERT_v0,121,0.27254530787467957,5
ETTm2,192,PatchFusionBERT_v0,122,0.2740698456764221,5
ETTm2,192,PatchFusionBERT_v0,123,0.2741091251373291,5
ETTm2,192,PatchFusionBERT_v0,124,0.27458974719047546,5
ETTm2,192,PatchFusionBERT_v0,125,0.27615389227867126,5
ETTm2,192,PatchFusionBERT_v0,126,0.27619239687919617,5
ETTm2,192,PatchFusionBERT_v0,127,0.27737170457839966,5
ETTm2,192,PatchFusionBERT_v0,128,0.2774732708930969,5
ETTm2,192,PatchFusionBERT_v0,129,0.27988049387931824,5
ETTm2,192,PatchFusionBERT_v0,130,0.2802695035934448,5
ETTm2,192,PatchFusionBERT_v0,131,0.2796332836151123,5
ETTm2,192,PatchFusionBERT_v0,132,0.28187185525894165,5
ETTm2,192,PatchFusionBERT_v0,133,0.2833607792854309,5
ETTm2,192,PatchFusionBERT_v0,134,0.2824253439903259,5
ETTm2,192,PatchFusionBERT_v0,135,0.2829943597316742,5
ETTm2,192,PatchFusionBERT_v0,136,0.28389427065849304,5
ETTm2,192,PatchFusionBERT_v0,137,0.2840566635131836,5
ETTm2,192,PatchFusionBERT_v0,138,0.28465360403060913,5
ETTm2,192,PatchFusionBERT_v0,139,0.2846991717815399,5
ETTm2,192,PatchFusionBERT_v0,140,0.28504782915115356,5
ETTm2,192,PatchFusionBERT_v0,141,0.285629004240036,5
ETTm2,192,PatchFusionBERT_v0,142,0.2858950197696686,5
ETTm2,192,PatchFusionBERT_v0,143,0.28718024492263794,5
ETTm2,192,PatchFusionBERT_v0,144,0.286854088306427,5
ETTm2,192,PatchFusionBERT_v0,145,0.28773075342178345,5
ETTm2,192,PatchFusionBERT_v0,146,0.2897077202796936,5
ETTm2,192,PatchFusionBERT_v0,147,0.2899887263774872,5
ETTm2,192,PatchFusionBERT_v0,148,0.2897803485393524,5
ETTm2,192,PatchFusionBERT_v0,149,0.291687935590744,5
ETTm2,192,PatchFusionBERT_v0,150,0.2925669848918915,5
ETTm2,192,PatchFusionBERT_v0,151,0.2923038601875305,5
ETTm2,192,PatchFusionBERT_v0,152,0.2940170168876648,5
ETTm2,192,PatchFusionBERT_v0,153,0.29461485147476196,5
ETTm2,192,PatchFusionBERT_v0,154,0.2961561381816864,5
ETTm2,192,PatchFusionBERT_v0,155,0.2951965928077698,5
ETTm2,192,PatchFusionBERT_v0,156,0.2965030074119568,5
ETTm2,192,PatchFusionBERT_v0,157,0.29652783274650574,5
ETTm2,192,PatchFusionBERT_v0,158,0.29784584045410156,5
ETTm2,192,PatchFusionBERT_v0,159,0.2983476221561432,5
ETTm2,192,PatchFusionBERT_v0,160,0.29911166429519653,5
ETTm2,192,PatchFusionBERT_v0,161,0.2999562621116638,5
ETTm2,192,PatchFusionBERT_v0,162,0.3003217875957489,5
ETTm2,192,PatchFusionBERT_v0,163,0.30011358857154846,5
ETTm2,192,PatchFusionBERT_v0,164,0.3007725179195404,5
ETTm2,192,PatchFusionBERT_v0,165,0.30208927392959595,5
ETTm2,192,PatchFusionBERT_v0,166,0.30010735988616943,5
ETTm2,192,PatchFusionBERT_v0,167,0.30142420530319214,5
ETTm2,192,PatchFusionBERT_v0,168,0.3013473153114319,5
ETTm2,192,PatchFusionBERT_v0,169,0.302378386259079,5
ETTm2,192,PatchFusionBERT_v0,170,0.3018813133239746,5
ETTm2,192,PatchFusionBERT_v0,171,0.3033987283706665,5
ETTm2,192,PatchFusionBERT_v0,172,0.30265361070632935,5
ETTm2,192,PatchFusionBERT_v0,173,0.3023759126663208,5
ETTm2,192,PatchFusionBERT_v0,174,0.30349570512771606,5
ETTm2,192,PatchFusionBERT_v0,175,0.3037484884262085,5
ETTm2,192,PatchFusionBERT_v0,176,0.3044002652168274,5
ETTm2,192,PatchFusionBERT_v0,177,0.3044494688510895,5
ETTm2,192,PatchFusionBERT_v0,178,0.30595922470092773,5
ETTm2,192,PatchFusionBERT_v0,179,0.3049616813659668,5
ETTm2,192,PatchFusionBERT_v0,180,0.30570659041404724,5
ETTm2,192,PatchFusionBERT_v0,181,0.3065335750579834,5
ETTm2,192,PatchFusionBERT_v0,182,0.30748918652534485,5
ETTm2,192,PatchFusionBERT_v0,183,0.30685514211654663,5
ETTm2,192,PatchFusionBERT_v0,184,0.30742713809013367,5
ETTm2,192,PatchFusionBERT_v0,185,0.30794399976730347,5
ETTm2,192,PatchFusionBERT_v0,186,0.30671459436416626,5
ETTm2,192,PatchFusionBERT_v0,187,0.30870646238327026,5
ETTm2,192,PatchFusionBERT_v0,188,0.30889105796813965,5
ETTm2,192,PatchFusionBERT_v0,189,0.3089526295661926,5
ETTm2,192,PatchFusionBERT_v0,190,0.3099920153617859,5
ETTm2,192,PatchFusionBERT_v0,191,0.3094705045223236,5
ETTm2,192,PatchFusionBERT_v0,192,0.3109179139137268,5
