dataset,horizon,model,seed,mse,mae
ETTm1,96,PatchFusionBERT_v0,2021,0.30370619893074036,0.34789031744003296
ETTm1,96,PatchFusionBERT_v2,2021,0.29843229055404663,0.3466307818889618
ETTm1,96,PatchTST,2021,0.2981731593608856,0.3489706814289093
ETTm1,96,DLinear,2021,0.3003472685813904,0.3448158800601959
ETTm2,96,PatchFusionBERT_v0,2021,0.1679251790046692,0.25711220502853394
ETTm2,96,PatchFusionBERT_v2,2021,0.1695358157157898,0.25669148564338684
ETTm2,96,PatchTST,2021,0.17282205820083618,0.2640388607978821
ETTm2,96,DLinear,2021,0.16528131067752838,0.2573530673980713
ETTh1,96,PatchFusionBERT_v0,2021,0.36754170060157776,0.3951941430568695
ETTh1,96,PatchFusionBERT_v2,2021,0.3862752318382263,0.40525537729263306
ETTh1,96,PatchTST,2021,0.3813759386539459,0.4063098430633545
ETTh1,96,DLinear,2021,0.37115657329559326,0.39274832606315613
ETTh2,96,PatchFusionBERT_v0,2021,0.30538833141326904,0.3523827791213989
ETTh2,96,PatchFusionBERT_v2,2021,0.2893078029155731,0.34741267561912537
ETTh2,96,PatchTST,2021,0.3145037591457367,0.3646617531776428
ETTh2,96,DLinear,2021,0.2835879325866699,0.3472675085067749
Exchange,96,PatchFusionBERT_v0,2021,0.0961424708366394,0.21781837940216064
Exchange,96,PatchFusionBERT_v2,2021,0.09677010029554367,0.21803997457027435
Exchange,96,PatchTST,2021,0.09531733393669128,0.21947354078292847
Exchange,96,DLinear,2021,0.08494987338781357,0.2052217274904251
Weather,96,PatchFusionBERT_v0,2021,0.14977960288524628,0.1972322165966034
Weather,96,PatchFusionBERT_v2,2021,0.14963778853416443,0.19795450568199158
Weather,96,PatchTST,2021,0.1517603099346161,0.2024952471256256
Weather,96,DLinear,2021,0.17818108201026917,0.24319998919963837
ETTm1,96,PatchFusionBERT_v0,2022,0.3002203702926636,0.345537930727005
ETTm1,96,PatchFusionBERT_v2,2022,0.2967977821826935,0.34547123312950134
ETTm1,96,PatchTST,2022,0.2988854944705963,0.35045039653778076
ETTm1,96,DLinear,2022,0.2994614541530609,0.34337154030799866
ETTm2,96,PatchFusionBERT_v0,2022,0.17607954144477844,0.25880908966064453
ETTm2,96,PatchFusionBERT_v2,2022,0.17554394900798798,0.2595280408859253
ETTm2,96,PatchTST,2022,0.18616320192813873,0.2741563022136688
ETTm2,96,DLinear,2022,0.1661120504140854,0.26026204228401184
ETTh1,96,PatchFusionBERT_v0,2022,0.37543728947639465,0.40146344900131226
ETTh1,96,PatchFusionBERT_v2,2022,0.38491371273994446,0.40949681401252747
ETTh1,96,PatchTST,2022,0.3783031702041626,0.4060007929801941
ETTh1,96,DLinear,2022,0.37647801637649536,0.3997102677822113
ETTh2,96,PatchFusionBERT_v0,2022,0.29594284296035767,0.350149542093277
ETTh2,96,PatchFusionBERT_v2,2022,0.288994163274765,0.34728923439979553
ETTh2,96,PatchTST,2022,0.3216198980808258,0.36678996682167053
ETTh2,96,DLinear,2022,0.2884407341480255,0.3521300256252289
Exchange,96,PatchFusionBERT_v0,2022,0.09147201478481293,0.21399159729480743
Exchange,96,PatchFusionBERT_v2,2022,0.09040892124176025,0.21142148971557617
Exchange,96,PatchTST,2022,0.08947724103927612,0.21363386511802673
Exchange,96,DLinear,2022,0.09845932573080063,0.22908610105514526
Weather,96,PatchFusionBERT_v0,2022,0.14844371378421783,0.19898471236228943
Weather,96,PatchFusionBERT_v2,2022,0.14885058999061584,0.1960856318473816
Weather,96,PatchTST,2022,0.15165448188781738,0.20030128955841064
Weather,96,DLinear,2022,0.17359036207199097,0.23311004042625427
ETTm1,96,PatchFusionBERT_v0,2023,0.296312153339386,0.3434390425682068
ETTm1,96,PatchFusionBERT_v2,2023,0.3057713806629181,0.3506197929382324
ETTm1,96,PatchTST,2023,0.2976699769496918,0.34876397252082825
ETTm1,96,DLinear,2023,0.3032383918762207,0.3501911759376526
ETTm2,96,PatchFusionBERT_v0,2023,0.1682271659374237,0.2555568814277649
ETTm2,96,PatchFusionBERT_v2,2023,0.17010580003261566,0.2566450834274292
ETTm2,96,PatchTST,2023,0.17186608910560608,0.2632003426551819
ETTm2,96,DLinear,2023,0.16525167226791382,0.2555376887321472
ETTh1,96,PatchFusionBERT_v0,2023,0.36807963252067566,0.39590001106262207
ETTh1,96,PatchFusionBERT_v2,2023,0.38196027278900146,0.40513086318969727
ETTh1,96,PatchTST,2023,0.37686753273010254,0.40298405289649963
ETTh1,96,DLinear,2023,0.37212324142456055,0.3942606449127197
ETTh2,96,PatchFusionBERT_v0,2023,0.30067873001098633,0.3550412654876709
ETTh2,96,PatchFusionBERT_v2,2023,0.313186913728714,0.3544023931026459
ETTh2,96,PatchTST,2023,0.3177104592323303,0.3660043776035309
ETTh2,96,DLinear,2023,0.2956484854221344,0.3576694130897522
Exchange,96,PatchFusionBERT_v0,2023,0.1023644283413887,0.22591282427310944
Exchange,96,PatchFusionBERT_v2,2023,0.08529150485992432,0.20680363476276398
Exchange,96,PatchTST,2023,0.09569809585809708,0.2197439968585968
Exchange,96,DLinear,2023,0.08939831703901291,0.21039237082004547
Weather,96,PatchFusionBERT_v0,2023,0.14924092590808868,0.19802944362163544
Weather,96,PatchFusionBERT_v2,2023,0.15025290846824646,0.20148566365242004
Weather,96,PatchTST,2023,0.15107952058315277,0.20026713609695435
Weather,96,DLinear,2023,0.17363178730010986,0.23318108916282654
ETTm1,96,PatchFusionBERT_v0,2024,0.30045104026794434,0.3492584824562073
ETTm1,96,PatchFusionBERT_v2,2024,0.3040279746055603,0.3461025655269623
ETTm1,96,PatchTST,2024,0.29799652099609375,0.3498718738555908
ETTm1,96,DLinear,2024,0.3009575307369232,0.3471335172653198
ETTm2,96,PatchFusionBERT_v0,2024,0.17444458603858948,0.2588776648044586
ETTm2,96,PatchFusionBERT_v2,2024,0.1682317852973938,0.2568762004375458
ETTm2,96,PatchTST,2024,0.17997288703918457,0.2643906772136688
ETTm2,96,DLinear,2024,0.16577190160751343,0.2579823136329651
ETTh1,96,PatchFusionBERT_v0,2024,0.3758745491504669,0.40402212738990784
ETTh1,96,PatchFusionBERT_v2,2024,0.38051483035087585,0.4021955132484436
ETTh1,96,PatchTST,2024,0.3864157795906067,0.409385085105896
ETTh1,96,DLinear,2024,0.3705332577228546,0.3918490409851074
ETTh2,96,PatchFusionBERT_v0,2024,0.3172682821750641,0.3580883741378784
ETTh2,96,PatchFusionBERT_v2,2024,0.3118543326854706,0.35711055994033813
ETTh2,96,PatchTST,2024,0.31531020998954773,0.36600011587142944
ETTh2,96,DLinear,2024,0.2974250018596649,0.36015719175338745
Exchange,96,PatchFusionBERT_v0,2024,0.110756516456604,0.2350461632013321
Exchange,96,PatchFusionBERT_v2,2024,0.09058968722820282,0.21060623228549957
Exchange,96,PatchTST,2024,0.09872112423181534,0.22400900721549988
Exchange,96,DLinear,2024,0.07934888452291489,0.20103174448013306
Weather,96,PatchFusionBERT_v0,2024,0.15173278748989105,0.2010284960269928
Weather,96,PatchFusionBERT_v2,2024,0.1493517905473709,0.19752192497253418
Weather,96,PatchTST,2024,0.15144206583499908,0.2003570944070816
Weather,96,DLinear,2024,0.17435678839683533,0.23530469834804535
ETTm1,96,PatchFusionBERT_v0,2025,0.2987081706523895,0.3457051217556
ETTm1,96,PatchFusionBERT_v2,2025,0.30634716153144836,0.3470386266708374
ETTm1,96,PatchTST,2025,0.29750242829322815,0.35012975335121155
ETTm1,96,DLinear,2025,0.3004481792449951,0.3458523452281952
ETTm2,96,PatchFusionBERT_v0,2025,0.16999180614948273,0.2565985918045044
ETTm2,96,PatchFusionBERT_v2,2025,0.17506349086761475,0.25943613052368164
ETTm2,96,PatchTST,2025,0.1733406037092209,0.2628358006477356
ETTm2,96,DLinear,2025,0.1663731038570404,0.25897252559661865
ETTh1,96,PatchFusionBERT_v0,2025,0.37403932213783264,0.3990364372730255
ETTh1,96,PatchFusionBERT_v2,2025,0.385174959897995,0.40623220801353455
ETTh1,96,PatchTST,2025,0.3814803659915924,0.4095194339752197
ETTh1,96,DLinear,2025,0.379286527633667,0.40096086263656616
ETTh2,96,PatchFusionBERT_v0,2025,0.3033437132835388,0.350612998008728
ETTh2,96,PatchFusionBERT_v2,2025,0.29486167430877686,0.34822335839271545
ETTh2,96,PatchTST,2025,0.3113471269607544,0.35980501770973206
ETTh2,96,DLinear,2025,0.2939297556877136,0.3568645417690277
Exchange,96,PatchFusionBERT_v0,2025,0.09045932441949844,0.21137380599975586
Exchange,96,PatchFusionBERT_v2,2025,0.11390086263418198,0.23860181868076324
Exchange,96,PatchTST,2025,0.0926862582564354,0.219728022813797
Exchange,96,DLinear,2025,0.07905393838882446,0.1996963620185852
Weather,96,PatchFusionBERT_v0,2025,0.14858406782150269,0.19602391123771667
Weather,96,PatchFusionBERT_v2,2025,0.14969533681869507,0.19827039539813995
Weather,96,PatchTST,2025,0.14947131276130676,0.19704408943653107
Weather,96,DLinear,2025,0.17335757613182068,0.23316025733947754
ETTm1,336,PatchFusionBERT_v0,2021,0.38225868344306946,0.39914095401763916
ETTm1,336,PatchFusionBERT_v2,2021,0.36945074796676636,0.39610999822616577
ETTm1,336,PatchTST,2021,0.37405356764793396,0.3981127440929413
ETTm1,336,DLinear,2021,0.3704244792461395,0.3871592879295349
ETTm2,336,PatchFusionBERT_v0,2021,0.273871511220932,0.32909080386161804
ETTm2,336,PatchFusionBERT_v2,2021,0.301374614238739,0.3496493399143219
ETTm2,336,PatchTST,2021,0.2934870719909668,0.34565988183021545
ETTm2,336,DLinear,2021,0.29303935170173645,0.3524199426174164
ETTh1,336,PatchFusionBERT_v0,2021,0.4378277361392975,0.44761794805526733
ETTh1,336,PatchFusionBERT_v2,2021,0.4410969614982605,0.4404427409172058
ETTh1,336,PatchTST,2021,0.49337053298950195,0.49008145928382874
ETTh1,336,DLinear,2021,0.4344950318336487,0.4352075755596161
ETTh2,336,PatchFusionBERT_v0,2021,0.3814277946949005,0.41385334730148315
ETTh2,336,PatchFusionBERT_v2,2021,0.39553478360176086,0.42251238226890564
ETTh2,336,PatchTST,2021,0.40590527653694153,0.429319828748703
ETTh2,336,DLinear,2021,0.42573878169059753,0.45548510551452637
Exchange,336,PatchFusionBERT_v0,2021,0.3533194661140442,0.4340231716632843
Exchange,336,PatchFusionBERT_v2,2021,0.33808934688568115,0.4222877323627472
Exchange,336,PatchTST,2021,0.3138968348503113,0.409212589263916
Exchange,336,DLinear,2021,0.2889705300331116,0.40268653631210327
Weather,336,PatchFusionBERT_v0,2021,0.2517067492008209,0.2838646173477173
Weather,336,PatchFusionBERT_v2,2021,0.24456921219825745,0.2801981270313263
Weather,336,PatchTST,2021,0.24788911640644073,0.2813984453678131
Weather,336,DLinear,2021,0.26123175024986267,0.3115933835506439
ETTm1,336,PatchFusionBERT_v0,2022,0.3741481304168701,0.4007539749145508
ETTm1,336,PatchFusionBERT_v2,2022,0.36856725811958313,0.39412805438041687
ETTm1,336,PatchTST,2022,0.3726075291633606,0.39980804920196533
ETTm1,336,DLinear,2022,0.36871451139450073,0.38482147455215454
ETTm2,336,PatchFusionBERT_v0,2022,0.282012403011322,0.33415377140045166
ETTm2,336,PatchFusionBERT_v2,2022,0.287454754114151,0.33660078048706055
ETTm2,336,PatchTST,2022,0.29182562232017517,0.34203261137008667
ETTm2,336,DLinear,2022,0.2846544086933136,0.3420600891113281
ETTh1,336,PatchFusionBERT_v0,2022,0.48727020621299744,0.47671449184417725
ETTh1,336,PatchFusionBERT_v2,2022,0.4526747167110443,0.4491744339466095
ETTh1,336,PatchTST,2022,0.4961349666118622,0.4877568483352661
ETTh1,336,DLinear,2022,0.43519851565361023,0.43593859672546387
ETTh2,336,PatchFusionBERT_v0,2022,0.38820937275886536,0.4145835340023041
ETTh2,336,PatchFusionBERT_v2,2022,0.38893914222717285,0.41544753313064575
ETTh2,336,PatchTST,2022,0.4120362401008606,0.4314768612384796
ETTh2,336,DLinear,2022,0.42244088649749756,0.4440917670726776
Exchange,336,PatchFusionBERT_v0,2022,0.36561501026153564,0.44143787026405334
Exchange,336,PatchFusionBERT_v2,2022,0.38305044174194336,0.45772403478622437
Exchange,336,PatchTST,2022,0.37950190901756287,0.4472704231739044
Exchange,336,DLinear,2022,0.5090605020523071,0.5431961417198181
Weather,336,PatchFusionBERT_v0,2022,0.2505030035972595,0.28415146470069885
Weather,336,PatchFusionBERT_v2,2022,0.25234049558639526,0.2849360406398773
Weather,336,PatchTST,2022,0.25679492950439453,0.2868083715438843
Weather,336,DLinear,2022,0.26258182525634766,0.31462085247039795
ETTm1,336,PatchFusionBERT_v0,2023,0.37293118238449097,0.3977195620536804
ETTm1,336,PatchFusionBERT_v2,2023,0.37169504165649414,0.3949403762817383
ETTm1,336,PatchTST,2023,0.3754548132419586,0.4013611376285553
ETTm1,336,DLinear,2023,0.3686527907848358,0.3847684860229492
ETTm2,336,PatchFusionBERT_v0,2023,0.2904041111469269,0.34027302265167236
ETTm2,336,PatchFusionBERT_v2,2023,0.3050028085708618,0.34983333945274353
ETTm2,336,PatchTST,2023,0.29957079887390137,0.34640735387802124
ETTm2,336,DLinear,2023,0.31078484654426575,0.36883386969566345
ETTh1,336,PatchFusionBERT_v0,2023,0.4555841386318207,0.45507851243019104
ETTh1,336,PatchFusionBERT_v2,2023,0.44043296575546265,0.4463743567466736
ETTh1,336,PatchTST,2023,0.4639122784137726,0.4597758650779724
ETTh1,336,DLinear,2023,0.4816233515739441,0.4803628623485565
ETTh2,336,PatchFusionBERT_v0,2023,0.39077797532081604,0.4228212237358093
ETTh2,336,PatchFusionBERT_v2,2023,0.3989233374595642,0.42082735896110535
ETTh2,336,PatchTST,2023,0.404533326625824,0.42513030767440796
ETTh2,336,DLinear,2023,0.5075013637542725,0.4916808605194092
Exchange,336,PatchFusionBERT_v0,2023,0.4202517569065094,0.47229039669036865
Exchange,336,PatchFusionBERT_v2,2023,0.3718586564064026,0.44462305307388306
Exchange,336,PatchTST,2023,0.36339014768600464,0.43977659940719604
Exchange,336,DLinear,2023,0.3651973605155945,0.4652998745441437
Weather,336,PatchFusionBERT_v0,2023,0.24541035294532776,0.2819499373435974
Weather,336,PatchFusionBERT_v2,2023,0.2475317269563675,0.2844623029232025
Weather,336,PatchTST,2023,0.25701668858528137,0.28729599714279175
Weather,336,DLinear,2023,0.27382248640060425,0.330451101064682
ETTm1,336,PatchFusionBERT_v0,2024,0.37367409467697144,0.3981601595878601
ETTm1,336,PatchFusionBERT_v2,2024,0.37541472911834717,0.40009644627571106
ETTm1,336,PatchTST,2024,0.3761339485645294,0.4014876186847687
ETTm1,336,DLinear,2024,0.38022276759147644,0.3980877101421356
ETTm2,336,PatchFusionBERT_v0,2024,0.2850649058818817,0.3350706994533539
ETTm2,336,PatchFusionBERT_v2,2024,0.2915264070034027,0.33882659673690796
ETTm2,336,PatchTST,2024,0.27984824776649475,0.3361249268054962
ETTm2,336,DLinear,2024,0.28357216715812683,0.34143349528312683
ETTh1,336,PatchFusionBERT_v0,2024,0.4337589144706726,0.43739500641822815
ETTh1,336,PatchFusionBERT_v2,2024,0.43539005517959595,0.4412524700164795
ETTh1,336,PatchTST,2024,0.4951518476009369,0.4854046404361725
ETTh1,336,DLinear,2024,0.44476765394210815,0.4466582238674164
ETTh2,336,PatchFusionBERT_v0,2024,0.3758072853088379,0.41406670212745667
ETTh2,336,PatchFusionBERT_v2,2024,0.39154812693595886,0.4195477068424225
ETTh2,336,PatchTST,2024,0.4139663875102997,0.4297322928905487
ETTh2,336,DLinear,2024,0.40333980321884155,0.4342241585254669
Exchange,336,PatchFusionBERT_v0,2024,0.38855698704719543,0.45809468626976013
Exchange,336,PatchFusionBERT_v2,2024,0.40091925859451294,0.46651533246040344
Exchange,336,PatchTST,2024,0.3853350579738617,0.45667803287506104
Exchange,336,DLinear,2024,0.32690685987472534,0.43954694271087646
Weather,336,PatchFusionBERT_v0,2024,0.25377318263053894,0.2859712839126587
Weather,336,PatchFusionBERT_v2,2024,0.24540334939956665,0.28228190541267395
Weather,336,PatchTST,2024,0.2556050717830658,0.28766292333602905
Weather,336,DLinear,2024,0.26142746210098267,0.31211093068122864
ETTm1,336,PatchFusionBERT_v0,2025,0.36754828691482544,0.3932918906211853
ETTm1,336,PatchFusionBERT_v2,2025,0.3709568381309509,0.3976338803768158
ETTm1,336,PatchTST,2025,0.3723320960998535,0.39619216322898865
ETTm1,336,DLinear,2025,0.37223556637763977,0.3894374370574951
ETTm2,336,PatchFusionBERT_v0,2025,0.27913156151771545,0.3330509662628174
ETTm2,336,PatchFusionBERT_v2,2025,0.27859312295913696,0.3324163556098938
ETTm2,336,PatchTST,2025,0.2880769371986389,0.34136974811553955
ETTm2,336,DLinear,2025,0.29338693618774414,0.35548505187034607
ETTh1,336,PatchFusionBERT_v0,2025,0.437099814414978,0.4393521249294281
ETTh1,336,PatchFusionBERT_v2,2025,0.44935235381126404,0.4456250071525574
ETTh1,336,PatchTST,2025,0.452436238527298,0.45089536905288696
ETTh1,336,DLinear,2025,0.5716158151626587,0.5478146076202393
ETTh2,336,PatchFusionBERT_v0,2025,0.39467230439186096,0.42610272765159607
ETTh2,336,PatchFusionBERT_v2,2025,0.3860686123371124,0.41069766879081726
ETTh2,336,PatchTST,2025,0.40166518092155457,0.4270740747451782
ETTh2,336,DLinear,2025,0.4757230281829834,0.4773995876312256
Exchange,336,PatchFusionBERT_v0,2025,0.33999568223953247,0.4256625175476074
Exchange,336,PatchFusionBERT_v2,2025,0.33993059396743774,0.42255401611328125
Exchange,336,PatchTST,2025,0.37209632992744446,0.4412330687046051
Exchange,336,DLinear,2025,0.3521466553211212,0.46164292097091675
Weather,336,PatchFusionBERT_v0,2025,0.24827153980731964,0.28110817074775696
Weather,336,PatchFusionBERT_v2,2025,0.2524752616882324,0.28570786118507385
Weather,336,PatchTST,2025,0.2545188069343567,0.2850996255874634
Weather,336,DLinear,2025,0.26095888018608093,0.3111877739429474
