dataset,horizon,model,seeds,mse,mae,mse_mean,mae_mean,mse_std,mae_std,status
ETTm1,96,PFB-Direct,5,0.2999±0.0027,0.3464±0.0023,0.29987958669662473,0.3463661789894104,0.0027011317137830317,0.0022571850189782128,COMPLETE
ETTm1,96,PFB-Projected,5,0.3023±0.0044,0.3472±0.0020,0.30227531790733336,0.34717260003089906,0.0043773972759188935,0.0020145891562111926,COMPLETE
ETTm1,96,PatchTST,5,0.2980±0.0005,0.3496±0.0007,0.2980455160140991,0.3496373355388641,0.0005385700986418536,0.000735823072396097,COMPLETE
ETTm1,96,DLinear,5,0.3009±0.0014,0.3463±0.0026,0.30089056491851807,0.3462728917598724,0.0014186269257780684,0.0025889771090171374,COMPLETE
ETTm2,96,PFB-Direct,5,0.1713±0.0037,0.2574±0.0014,0.1713336557149887,0.2573908865451813,0.0037171854714916916,0.001439685623973515,COMPLETE
ETTm2,96,PFB-Projected,5,0.1717±0.0034,0.2578±0.0015,0.1716961681842804,0.25783538818359375,0.003366846512461085,0.001506056836267202,COMPLETE
ETTm2,96,PatchTST,5,0.1768±0.0061,0.2657±0.0048,0.17683296799659728,0.2657243967056274,0.006120993555676605,0.0047547793195717,COMPLETE
ETTm2,96,DLinear,5,0.1658±0.0005,0.2580±0.0018,0.16575800776481628,0.25802152752876284,0.0004968647168717056,0.0017707438787889912,COMPLETE
ETTh1,96,PFB-Direct,5,0.3722±0.0041,0.3991±0.0037,0.3721944987773895,0.39912323355674745,0.004063326551997069,0.0037185419895871623,COMPLETE
ETTh1,96,PFB-Projected,5,0.3838±0.0024,0.4057±0.0026,0.3837678015232086,0.40566215515136717,0.0024201960440248804,0.002621779658225367,COMPLETE
ETTh1,96,PatchTST,5,0.3809±0.0037,0.4068±0.0027,0.380888557434082,0.4068398416042328,0.003673922610386597,0.0027161777999114424,COMPLETE
ETTh1,96,DLinear,5,0.3739±0.0038,0.3959±0.0042,0.37391552329063416,0.3959058284759521,0.003797297005816887,0.00415815776484615,COMPLETE
ETTh2,96,PFB-Direct,5,0.3045±0.0080,0.3533±0.0033,0.3045243799686432,0.35325499176979064,0.007952660410016986,0.003314251896816182,COMPLETE
ETTh2,96,PFB-Projected,5,0.2996±0.0120,0.3509±0.0046,0.29964097738265993,0.35088764429092406,0.011996138152874394,0.004560715918339185,COMPLETE
ETTh2,96,PatchTST,5,0.3161±0.0038,0.3647±0.0028,0.316098290681839,0.36465224623680115,0.0038348531394786396,0.0028156072106820186,COMPLETE
ETTh2,96,DLinear,5,0.2918±0.0057,0.3548±0.0051,0.2918063819408417,0.3548177361488342,0.005694511828823398,0.005124963075009159,COMPLETE
Exchange,96,PFB-Direct,5,0.0982±0.0084,0.2208±0.0097,0.0982389509677887,0.2208285540342331,0.008432352174845678,0.009659032087353562,COMPLETE
Exchange,96,PFB-Projected,5,0.0954±0.0111,0.2171±0.0127,0.09539221525192261,0.21709463000297546,0.01111744620121464,0.012685042864212159,COMPLETE
Exchange,96,PatchTST,5,0.0944±0.0035,0.2193±0.0037,0.09438001066446304,0.2193176865577698,0.003477324320377057,0.003697591193183386,COMPLETE
Exchange,96,DLinear,5,0.0862±0.0081,0.2091±0.0119,0.0862420678138733,0.2090856611728668,0.008063470827265684,0.011933980704181028,COMPLETE
Weather,96,PFB-Direct,5,0.1496±0.0013,0.1983±0.0019,0.1495562195777893,0.19825975596904755,0.0013294271561631258,0.0018907251176788213,COMPLETE
Weather,96,PFB-Projected,5,0.1496±0.0005,0.1983±0.0020,0.14955768287181853,0.19826362431049346,0.0005126100243052933,0.0019856300494011233,COMPLETE
Weather,96,PatchTST,5,0.1511±0.0009,0.2001±0.0020,0.15108153820037842,0.20009297132492065,0.0009369906278765707,0.001950006451832585,COMPLETE
Weather,96,DLinear,5,0.1746±0.0020,0.2356±0.0044,0.1746235191822052,0.23559121489524842,0.0020236696948028573,0.004354596008144611,COMPLETE
ETTm1,336,PFB-Direct,5,0.3741±0.0053,0.3978±0.0028,0.37411207556724546,0.39781330823898314,0.005268732705252235,0.0027830951874840016,COMPLETE
ETTm1,336,PFB-Projected,5,0.3712±0.0026,0.3966±0.0024,0.37121692299842834,0.39658175110816957,0.0026484861724465052,0.002366291817009637,COMPLETE
ETTm1,336,PatchTST,5,0.3741±0.0017,0.3994±0.0023,0.3741163909435272,0.3993923425674438,0.0016827233678088475,0.002253756201361334,COMPLETE
ETTm1,336,DLinear,5,0.3721±0.0048,0.3889±0.0055,0.37205002307891843,0.38885487914085387,0.004799411354332368,0.005509685400968283,COMPLETE
ETTm2,336,PFB-Direct,5,0.2821±0.0062,0.3343±0.0040,0.2820968985557556,0.33432785272598264,0.006210398710568653,0.004030641724997011,COMPLETE
ETTm2,336,PFB-Projected,5,0.2928±0.0107,0.3415±0.0079,0.2927903413772583,0.34146528244018554,0.010659046954004457,0.007897979063944148,COMPLETE
ETTm2,336,PatchTST,5,0.2906±0.0073,0.3423±0.0041,0.2905617356300354,0.34231890439987184,0.007284766097291316,0.004099566108628565,COMPLETE
ETTm2,336,DLinear,5,0.2931±0.0109,0.3520±0.0112,0.29308754205703735,0.35204648971557617,0.010896635295662224,0.011248812728569074,COMPLETE
ETTh1,336,PFB-Direct,5,0.4503±0.0224,0.4512±0.0159,0.45030816197395324,0.45123161673545836,0.02235021091176374,0.01588874005595891,COMPLETE
ETTh1,336,PFB-Projected,5,0.4438±0.0071,0.4446±0.0037,0.4437894105911255,0.44457380175590516,0.007052644495096507,0.003660934163271326,COMPLETE
ETTh1,336,PatchTST,5,0.4802±0.0205,0.4748±0.0181,0.4802011728286743,0.47478283643722535,0.02053691898469851,0.018103976450910143,COMPLETE
ETTh1,336,DLinear,5,0.4735±0.0581,0.4692±0.0476,0.47354007363319395,0.46919637322425845,0.058109020278980336,0.047630881525716956,COMPLETE
ETTh2,336,PFB-Direct,5,0.3862±0.0075,0.4183±0.0058,0.38617894649505613,0.41828550696372985,0.007542473475359091,0.005762565037478166,COMPLETE
ETTh2,336,PFB-Projected,5,0.3922±0.0051,0.4178±0.0048,0.3922028005123138,0.4178065299987793,0.005122891166866761,0.004754022610028578,COMPLETE
ETTh2,336,PatchTST,5,0.4076±0.0052,0.4285±0.0025,0.40762128233909606,0.4285466730594635,0.005189111247795652,0.0024713136743214747,COMPLETE
ETTh2,336,DLinear,5,0.4469±0.0431,0.4606±0.0237,0.4469487726688385,0.46057629585266113,0.043147469467885106,0.023678112990920274,COMPLETE
Exchange,336,PFB-Direct,5,0.3735±0.0316,0.4463±0.0188,0.3735477805137634,0.44630172848701477,0.03164014276828394,0.01880745750319292,COMPLETE
Exchange,336,PFB-Projected,5,0.3668±0.0274,0.4427±0.0201,0.36676965951919555,0.44274083375930784,0.027386368180881252,0.020119038337240863,COMPLETE
Exchange,336,PatchTST,5,0.3628±0.0286,0.4388±0.0178,0.36284405589103697,0.43883414268493653,0.02857036263410698,0.017844149905510413,COMPLETE
Exchange,336,DLinear,5,0.3685±0.0838,0.4625±0.0515,0.36845638155937194,0.46247448325157164,0.08380111937319205,0.05153865343635028,COMPLETE
Weather,336,PFB-Direct,5,0.2499±0.0032,0.2834±0.0019,0.24993296563625336,0.2834090948104858,0.003218418839713348,0.001920079352965328,COMPLETE
Weather,336,PFB-Projected,5,0.2485±0.0038,0.2835±0.0022,0.24846400916576386,0.28351724743843076,0.0037591064599457194,0.0022498623736913388,COMPLETE
Weather,336,PatchTST,5,0.2544±0.0038,0.2857±0.0026,0.2543649226427078,0.2856530725955963,0.003756145385806441,0.002573012493397385,COMPLETE
Weather,336,DLinear,5,0.2640±0.0055,0.3160±0.0082,0.26400448083877565,0.31599280834197996,0.0055231767568048006,0.008192019891523334,COMPLETE
