Dataset,Horizon,Model,MSE,MAE,Source,MSE_Rank,MAE_Rank,BestExistingModel,BestExistingMSE,BestExistingMAE,DeltaVsBestExisting_MSE,DeltaVsBestExisting_MAE
ETTh1,96,PatchFusionBERT_v0,0.3675,0.3952,results_23-01.md,1.0,1.0,PatchFusionBERT_v0,0.3675,0.3952,0.0,0.0
ETTh1,96,DLinear,0.3717,0.3952,results_23-01.md,2.0,1.0,PatchFusionBERT_v0,0.3675,0.3952,0.0041999999999999815,0.0
ETTh1,96,WPMixer,0.37567171454429626,0.3974533975124359,result_long_term_forecast.txt,3.0,4.0,PatchFusionBERT_v0,0.3675,0.3952,0.008171714544296271,0.0022533975124359173
ETTh1,96,PatchFusionBERT_BERTOnly,0.38,0.405,results_23-01.md,4.0,5.0,PatchFusionBERT_v0,0.3675,0.3952,0.012500000000000011,0.009800000000000031
ETTh1,96,PAttn,0.3807840049266815,0.3974483907222748,result_long_term_forecast.txt,5.0,3.0,PatchFusionBERT_v0,0.3675,0.3952,0.013284004926681525,0.0022483907222747845
ETTh1,96,PatchTST,0.3814,0.4063,results_23-01.md,6.0,7.0,PatchFusionBERT_v0,0.3675,0.3952,0.013900000000000023,0.011099999999999999
ETTh1,96,PatchFusionBERT_v2,0.3863,0.4053,results_23-01.md,7.0,6.0,PatchFusionBERT_v0,0.3675,0.3952,0.018799999999999983,0.010099999999999998
ETTh1,96,TimeXer,0.3909,0.4076,results_23-01.md,8.0,8.0,PatchFusionBERT_v0,0.3675,0.3952,0.023400000000000032,0.012400000000000022
ETTh1,96,TiDE,0.3958,0.4141,results_23-01.md,9.0,9.0,PatchFusionBERT_v0,0.3675,0.3952,0.028299999999999992,0.018900000000000028
ETTh1,96,iTransformer,0.3997,0.4174,results_23-01.md,10.0,10.0,PatchFusionBERT_v0,0.3675,0.3952,0.032200000000000006,0.022199999999999998
ETTh1,192,WPMixer,0.4080143868923187,0.4166092872619629,result_long_term_forecast.txt,1.0,1.0,PatchFusionBERT_v0,0.4106,0.4242,-0.002585613107681295,-0.007590712738037131
ETTh1,192,PatchFusionBERT_v0,0.4106,0.4242,results_23-01.md,2.0,3.0,PatchFusionBERT_v0,0.4106,0.4242,0.0,0.0
ETTh1,192,DLinear,0.4111,0.4231,results_23-01.md,3.0,2.0,PatchFusionBERT_v0,0.4106,0.4242,0.0005000000000000004,-0.0011000000000000454
ETTh1,192,PatchFusionBERT_v2,0.4198,0.4266,results_23-01.md,4.0,4.0,PatchFusionBERT_v0,0.4106,0.4242,0.009199999999999986,0.0023999999999999577
ETTh1,192,PatchFusionBERT_BERTOnly,0.4238,0.4332,results_23-01.md,5.0,9.0,PatchFusionBERT_v0,0.4106,0.4242,0.01319999999999999,0.008999999999999952
ETTh1,192,TimeXer,0.4239,0.4269,results_23-01.md,6.0,5.0,PatchFusionBERT_v0,0.4106,0.4242,0.013299999999999979,0.00269999999999998
ETTh1,192,PAttn,0.4278201758861542,0.4286823868751526,result_long_term_forecast.txt,7.0,6.0,PatchFusionBERT_v0,0.4106,0.4242,0.017220175886154154,0.004482386875152566
ETTh1,192,TiDE,0.4283,0.4327,results_23-01.md,8.0,8.0,PatchFusionBERT_v0,0.4106,0.4242,0.017699999999999994,0.008499999999999952
ETTh1,192,PatchTST,0.4312,0.4325,results_23-01.md,9.0,7.0,PatchFusionBERT_v0,0.4106,0.4242,0.020600000000000007,0.008299999999999974
ETTh1,192,iTransformer,0.4495,0.4506,results_23-01.md,10.0,10.0,PatchFusionBERT_v0,0.4106,0.4242,0.03889999999999999,0.02639999999999998
ETTh1,336,WPMixer,0.43204548954963684,0.4332450330257416,result_long_term_forecast.txt,1.0,1.0,DLinear,0.4334,0.4371,-0.0013545104503631666,-0.0038549669742584114
ETTh1,336,DLinear,0.4334,0.4371,results_23-01.md,2.0,2.0,DLinear,0.4334,0.4371,0.0,0.0
ETTh1,336,PatchFusionBERT_v0,0.4378,0.4476,results_23-01.md,3.0,6.0,DLinear,0.4334,0.4371,0.004400000000000015,0.01050000000000001
ETTh1,336,PatchFusionBERT_v2,0.4411,0.4404,results_23-01.md,4.0,3.0,DLinear,0.4334,0.4371,0.007699999999999985,0.003300000000000025
ETTh1,336,PatchFusionBERT_BERTOnly,0.4491,0.4536,results_23-01.md,5.0,8.0,DLinear,0.4334,0.4371,0.015699999999999992,0.016500000000000015
ETTh1,336,TiDE,0.4502,0.4466,results_23-01.md,6.0,5.0,DLinear,0.4334,0.4371,0.01679999999999998,0.009500000000000008
ETTh1,336,PAttn,0.4524666666984558,0.44453904032707214,result_long_term_forecast.txt,7.0,4.0,DLinear,0.4334,0.4371,0.019066666698455803,0.007439040327072155
ETTh1,336,TimeXer,0.4575,0.4532,results_23-01.md,8.0,7.0,DLinear,0.4334,0.4371,0.02410000000000001,0.016100000000000003
ETTh1,336,iTransformer,0.4636,0.4645,results_23-01.md,9.0,9.0,DLinear,0.4334,0.4371,0.030200000000000005,0.027400000000000035
ETTh1,336,PatchTST,0.4934,0.4901,results_23-01.md,10.0,10.0,DLinear,0.4334,0.4371,0.06,0.05299999999999999
ETTh2,96,WPMixer,0.2827973961830139,0.34436818957328796,result_long_term_forecast.txt,1.0,1.0,PatchFusionBERT_v2,0.2893,0.3474,-0.006502603816986086,-0.0030318104267120227
ETTh2,96,PatchFusionBERT_v2,0.2893,0.3474,results_23-01.md,2.0,2.0,PatchFusionBERT_v2,0.2893,0.3474,0.0,0.0
ETTh2,96,TiDE,0.2914,0.3515,results_23-01.md,3.0,3.0,PatchFusionBERT_v2,0.2893,0.3474,0.0020999999999999908,0.0040999999999999925
ETTh2,96,TimeXer,0.2969,0.3604,results_23-01.md,4.0,5.0,PatchFusionBERT_v2,0.2893,0.3474,0.007599999999999996,0.013000000000000012
ETTh2,96,DLinear,0.3027,0.3662,results_23-01.md,5.0,9.0,PatchFusionBERT_v2,0.2893,0.3474,0.013400000000000023,0.01880000000000004
ETTh2,96,PatchFusionBERT_v0,0.3054,0.3524,results_23-01.md,6.0,4.0,PatchFusionBERT_v2,0.2893,0.3474,0.016100000000000003,0.0050000000000000044
ETTh2,96,PAttn,0.30594897270202637,0.3645177185535431,result_long_term_forecast.txt,7.0,7.0,PatchFusionBERT_v2,0.2893,0.3474,0.016648972702026366,0.017117718553543104
ETTh2,96,iTransformer,0.3062,0.3606,results_23-01.md,8.0,6.0,PatchFusionBERT_v2,0.2893,0.3474,0.016900000000000026,0.01319999999999999
ETTh2,96,PatchFusionBERT_BERTOnly,0.3085,0.3679,results_23-01.md,9.0,10.0,PatchFusionBERT_v2,0.2893,0.3474,0.019199999999999995,0.020500000000000018
ETTh2,96,PatchTST,0.3145,0.3647,results_23-01.md,10.0,8.0,PatchFusionBERT_v2,0.2893,0.3474,0.0252,0.017300000000000038
ETTh2,192,WPMixer,0.34861767292022705,0.3933177590370178,result_long_term_forecast.txt,1.0,2.0,TiDE,0.3517,0.3903,-0.003082327079772962,0.003017759037017842
ETTh2,192,TiDE,0.3517,0.3903,results_23-01.md,2.0,1.0,TiDE,0.3517,0.3903,0.0,0.0
ETTh2,192,TimeXer,0.3614,0.3972,results_23-01.md,3.0,4.0,TiDE,0.3517,0.3903,0.009699999999999986,0.006900000000000017
ETTh2,192,iTransformer,0.3667,0.4009,results_23-01.md,4.0,6.0,TiDE,0.3517,0.3903,0.015000000000000013,0.010599999999999998
ETTh2,192,PatchFusionBERT_v2,0.3673,0.3952,results_23-01.md,5.0,3.0,TiDE,0.3517,0.3903,0.015600000000000003,0.0049000000000000155
ETTh2,192,PatchFusionBERT_v0,0.372,0.4004,results_23-01.md,6.0,5.0,TiDE,0.3517,0.3903,0.020299999999999985,0.010099999999999998
ETTh2,192,PAttn,0.378322035074234,0.4086313247680664,result_long_term_forecast.txt,7.0,7.0,TiDE,0.3517,0.3903,0.026622035074233996,0.018331324768066426
ETTh2,192,DLinear,0.3821,0.4169,results_23-01.md,8.0,9.0,TiDE,0.3517,0.3903,0.030399999999999983,0.026600000000000013
ETTh2,192,PatchTST,0.3887,0.4118,results_23-01.md,9.0,8.0,TiDE,0.3517,0.3903,0.03699999999999998,0.02150000000000002
ETTh2,192,PatchFusionBERT_BERTOnly,0.3895,0.4296,results_23-01.md,10.0,10.0,TiDE,0.3517,0.3903,0.0378,0.0393
ETTh2,336,TiDE,0.3736,0.4109,results_23-01.md,1.0,1.0,TiDE,0.3736,0.4109,0.0,0.0
ETTh2,336,WPMixer,0.375068336725235,0.41346126794815063,result_long_term_forecast.txt,2.0,2.0,TiDE,0.3736,0.4109,0.0014683367252349977,0.0025612679481506473
ETTh2,336,PatchFusionBERT_v0,0.3814,0.4139,results_23-01.md,3.0,3.0,TiDE,0.3736,0.4109,0.007800000000000029,0.0030000000000000027
ETTh2,336,TimeXer,0.3945,0.4265,results_23-01.md,4.0,6.0,TiDE,0.3736,0.4109,0.02090000000000003,0.015600000000000003
ETTh2,336,PatchFusionBERT_v2,0.3955,0.4225,results_23-01.md,5.0,4.0,TiDE,0.3736,0.4109,0.02190000000000003,0.0116
ETTh2,336,PAttn,0.3966336250305176,0.4291788637638092,result_long_term_forecast.txt,6.0,7.0,TiDE,0.3736,0.4109,0.02303362503051759,0.018278863763809217
ETTh2,336,iTransformer,0.3988,0.4229,results_23-01.md,7.0,5.0,TiDE,0.3736,0.4109,0.0252,0.01200000000000001
ETTh2,336,PatchTST,0.4059,0.4293,results_23-01.md,8.0,8.0,TiDE,0.3736,0.4109,0.032299999999999995,0.018400000000000027
ETTh2,336,DLinear,0.4747,0.4773,results_23-01.md,9.0,9.0,TiDE,0.3736,0.4109,0.10110000000000002,0.06640000000000001
ETTh2,336,PatchFusionBERT_BERTOnly,0.5889,0.5536,results_23-01.md,10.0,10.0,TiDE,0.3736,0.4109,0.2153,0.1427
ETTm1,96,WPMixer,0.2862321436405182,0.3392452597618103,result_long_term_forecast.txt,1.0,1.0,PatchFusionBERT_BERTOnly,0.2967,0.3486,-0.01046785635948183,-0.009354740238189718
ETTm1,96,PAttn,0.2957708537578583,0.34685763716697693,result_long_term_forecast.txt,2.0,4.0,PatchFusionBERT_BERTOnly,0.2967,0.3486,-0.0009291462421417429,-0.0017423628330230923
ETTm1,96,PatchFusionBERT_BERTOnly,0.2967,0.3486,results_23-01.md,3.0,7.0,PatchFusionBERT_BERTOnly,0.2967,0.3486,0.0,0.0
ETTm1,96,PatchTST,0.2982,0.349,results_23-01.md,4.0,8.0,PatchFusionBERT_BERTOnly,0.2967,0.3486,0.0015000000000000013,0.00039999999999995595
ETTm1,96,PatchFusionBERT_v2,0.2984,0.3466,results_23-01.md,5.0,3.0,PatchFusionBERT_BERTOnly,0.2967,0.3486,0.0016999999999999793,-0.0020000000000000018
ETTm1,96,DLinear,0.2998,0.3431,results_23-01.md,6.0,2.0,PatchFusionBERT_BERTOnly,0.2967,0.3486,0.0030999999999999917,-0.005500000000000005
ETTm1,96,PatchFusionBERT_v0,0.3037,0.3479,results_23-01.md,7.0,5.0,PatchFusionBERT_BERTOnly,0.2967,0.3486,0.007000000000000006,-0.0007000000000000339
ETTm1,96,TiDE,0.3069,0.3485,results_23-01.md,8.0,6.0,PatchFusionBERT_BERTOnly,0.2967,0.3486,0.010199999999999987,-0.0001000000000000445
ETTm1,96,iTransformer,0.3099,0.3613,results_23-01.md,9.0,9.0,PatchFusionBERT_BERTOnly,0.2967,0.3486,0.01319999999999999,0.012699999999999989
ETTm1,96,TimeXer,0.316,0.3614,results_23-01.md,10.0,10.0,PatchFusionBERT_BERTOnly,0.2967,0.3486,0.019299999999999984,0.012799999999999978
ETTm1,192,WPMixer,0.3277513384819031,0.36552315950393677,result_long_term_forecast.txt,1.0,2.0,PatchFusionBERT_v2,0.3326,0.369,-0.004848661518096931,-0.003476840496063227
ETTm1,192,PatchFusionBERT_v2,0.3326,0.369,results_23-01.md,2.0,3.0,PatchFusionBERT_v2,0.3326,0.369,0.0,0.0
ETTm1,192,DLinear,0.3345,0.3649,results_23-01.md,3.0,1.0,PatchFusionBERT_v2,0.3326,0.369,0.0019000000000000128,-0.0040999999999999925
ETTm1,192,PAttn,0.33450818061828613,0.3733460307121277,result_long_term_forecast.txt,4.0,6.0,PatchFusionBERT_v2,0.3326,0.369,0.001908180618286126,0.004346030712127691
ETTm1,192,PatchFusionBERT_BERTOnly,0.3383,0.3715,results_23-01.md,5.0,5.0,PatchFusionBERT_v2,0.3326,0.369,0.005699999999999983,0.0025000000000000022
ETTm1,192,TiDE,0.3416,0.369,results_23-01.md,6.0,3.0,PatchFusionBERT_v2,0.3326,0.369,0.009000000000000008,0.0
ETTm1,192,iTransformer,0.3424,0.3801,results_23-01.md,7.0,9.0,PatchFusionBERT_v2,0.3326,0.369,0.009799999999999975,0.011099999999999999
ETTm1,192,PatchFusionBERT_v0,0.3426,0.3747,results_23-01.md,8.0,7.0,PatchFusionBERT_v2,0.3326,0.369,0.010000000000000009,0.005699999999999983
ETTm1,192,PatchTST,0.3429,0.3776,results_23-01.md,9.0,8.0,PatchFusionBERT_v2,0.3326,0.369,0.010299999999999976,0.008599999999999997
ETTm1,192,TimeXer,0.3612,0.3862,results_23-01.md,10.0,10.0,PatchFusionBERT_v2,0.3326,0.369,0.028600000000000014,0.017199999999999993
ETTm1,336,WPMixer,0.3618716597557068,0.38641950488090515,result_long_term_forecast.txt,1.0,2.0,DLinear,0.3695,0.3859,-0.007628340244293208,0.0005195048809051306
ETTm1,336,DLinear,0.3695,0.3859,results_23-01.md,2.0,1.0,DLinear,0.3695,0.3859,0.0,0.0
ETTm1,336,PatchFusionBERT_v2,0.3695,0.3961,results_23-01.md,2.0,4.0,DLinear,0.3695,0.3859,0.0,0.010199999999999987
ETTm1,336,PAttn,0.373399943113327,0.39769643545150757,result_long_term_forecast.txt,4.0,5.0,DLinear,0.3695,0.3859,0.0038999431133270313,0.011796435451507548
ETTm1,336,PatchTST,0.3741,0.3981,results_23-01.md,5.0,6.0,DLinear,0.3695,0.3859,0.004599999999999993,0.012199999999999989
ETTm1,336,iTransformer,0.3786,0.4015,results_23-01.md,6.0,8.0,DLinear,0.3695,0.3859,0.009099999999999997,0.015600000000000003
ETTm1,336,TiDE,0.3811,0.3929,results_23-01.md,7.0,3.0,DLinear,0.3695,0.3859,0.0116,0.007000000000000006
ETTm1,336,PatchFusionBERT_v0,0.3823,0.3991,results_23-01.md,8.0,7.0,DLinear,0.3695,0.3859,0.012799999999999978,0.01319999999999999
ETTm1,336,TimeXer,0.3863,0.4052,results_23-01.md,9.0,9.0,DLinear,0.3695,0.3859,0.01679999999999998,0.019299999999999984
ETTm1,336,PatchFusionBERT_BERTOnly,0.3915,0.4119,results_23-01.md,10.0,10.0,DLinear,0.3695,0.3859,0.02200000000000002,0.025999999999999968
ETTm2,96,PatchFusionBERT_v0,0.1679,0.2571,results_23-01.md,1.0,3.0,PatchFusionBERT_v0,0.1679,0.2571,0.0,0.0
ETTm2,96,DLinear,0.1684,0.2644,results_23-01.md,2.0,8.0,PatchFusionBERT_v0,0.1679,0.2571,0.0005000000000000004,0.007300000000000029
ETTm2,96,TiDE,0.169,0.2595,results_23-01.md,3.0,4.0,PatchFusionBERT_v0,0.1679,0.2571,0.0011000000000000176,0.0024000000000000132
ETTm2,96,PatchFusionBERT_v2,0.1695,0.2567,results_23-01.md,4.0,2.0,PatchFusionBERT_v0,0.1679,0.2571,0.001600000000000018,-0.00040000000000001146
ETTm2,96,TimeXer,0.1716,0.2562,results_23-01.md,5.0,1.0,PatchFusionBERT_v0,0.1679,0.2571,0.003700000000000009,-0.0009000000000000119
ETTm2,96,WPMixer,0.1721682995557785,0.2602023780345917,result_long_term_forecast.txt,6.0,5.0,PatchFusionBERT_v0,0.1679,0.2571,0.00426829955577851,0.0031023780345916796
ETTm2,96,PAttn,0.17222191393375397,0.2616959512233734,result_long_term_forecast.txt,7.0,6.0,PatchFusionBERT_v0,0.1679,0.2571,0.004321913933753974,0.004595951223373418
ETTm2,96,PatchTST,0.1728,0.264,results_23-01.md,8.0,7.0,PatchFusionBERT_v0,0.1679,0.2571,0.0049000000000000155,0.006900000000000017
ETTm2,96,iTransformer,0.1749,0.266,results_23-01.md,9.0,9.0,PatchFusionBERT_v0,0.1679,0.2571,0.007000000000000006,0.008900000000000019
ETTm2,96,PatchFusionBERT_BERTOnly,0.2207,0.2793,results_23-01.md,10.0,10.0,PatchFusionBERT_v0,0.1679,0.2571,0.052800000000000014,0.022199999999999998
ETTm2,192,TiDE,0.2241,0.2965,results_23-01.md,1.0,1.0,TiDE,0.2241,0.2965,0.0,0.0
ETTm2,192,PatchTST,0.2282,0.3018,results_23-01.md,2.0,5.0,TiDE,0.2241,0.2965,0.0040999999999999925,0.005300000000000027
ETTm2,192,TimeXer,0.2311,0.2986,results_23-01.md,3.0,2.0,TiDE,0.2241,0.2965,0.007000000000000006,0.0020999999999999908
ETTm2,192,PAttn,0.23359130322933197,0.30594709515571594,result_long_term_forecast.txt,4.0,7.0,TiDE,0.2241,0.2965,0.009491303229331977,0.009447095155715957
ETTm2,192,PatchFusionBERT_v0,0.2347,0.2997,results_23-01.md,5.0,3.0,TiDE,0.2241,0.2965,0.010599999999999998,0.003200000000000036
ETTm2,192,PatchFusionBERT_v2,0.2347,0.3001,results_23-01.md,5.0,4.0,TiDE,0.2241,0.2965,0.010599999999999998,0.003599999999999992
ETTm2,192,DLinear,0.2357,0.3153,results_23-01.md,7.0,9.0,TiDE,0.2241,0.2965,0.0116,0.01880000000000004
ETTm2,192,WPMixer,0.23803025484085083,0.30301547050476074,result_long_term_forecast.txt,8.0,6.0,TiDE,0.2241,0.2965,0.013930254840850836,0.006515470504760756
ETTm2,192,iTransformer,0.2475,0.3139,results_23-01.md,9.0,8.0,TiDE,0.2241,0.2965,0.023400000000000004,0.017400000000000027
ETTm2,192,PatchFusionBERT_BERTOnly,0.3558,0.3336,results_23-01.md,10.0,10.0,TiDE,0.2241,0.2965,0.1317,0.03710000000000002
ETTm2,336,PatchFusionBERT_v0,0.2739,0.3291,results_23-01.md,1.0,1.0,PatchFusionBERT_v0,0.2739,0.3291,0.0,0.0
ETTm2,336,TiDE,0.278,0.3314,results_23-01.md,2.0,2.0,PatchFusionBERT_v0,0.2739,0.3291,0.004100000000000048,0.0022999999999999687
ETTm2,336,TimeXer,0.287,0.3351,results_23-01.md,3.0,3.0,PatchFusionBERT_v0,0.2739,0.3291,0.0131,0.006000000000000005
ETTm2,336,WPMixer,0.29254505038261414,0.3395202159881592,result_long_term_forecast.txt,4.0,4.0,PatchFusionBERT_v0,0.2739,0.3291,0.01864505038261416,0.010420215988159176
ETTm2,336,PatchTST,0.2935,0.3457,results_23-01.md,5.0,5.0,PatchFusionBERT_v0,0.2739,0.3291,0.019600000000000006,0.016600000000000004
ETTm2,336,PAttn,0.2983053922653198,0.3494361340999603,result_long_term_forecast.txt,6.0,7.0,PatchFusionBERT_v0,0.2739,0.3291,0.024405392265319847,0.020336134099960324
ETTm2,336,DLinear,0.301,0.3633,results_23-01.md,7.0,9.0,PatchFusionBERT_v0,0.2739,0.3291,0.027100000000000013,0.03420000000000001
ETTm2,336,PatchFusionBERT_v2,0.3014,0.3496,results_23-01.md,8.0,8.0,PatchFusionBERT_v0,0.2739,0.3291,0.027500000000000024,0.020500000000000018
ETTm2,336,iTransformer,0.302,0.3484,results_23-01.md,9.0,6.0,PatchFusionBERT_v0,0.2739,0.3291,0.028100000000000014,0.019299999999999984
ETTm2,336,PatchFusionBERT_BERTOnly,0.3516,0.3691,results_23-01.md,10.0,10.0,PatchFusionBERT_v0,0.2739,0.3291,0.07770000000000005,0.03999999999999998
Exchange,96,PatchTST,0.0918,0.2156,results_23-01.md,1.0,2.0,PatchTST,0.0918,0.2156,0.0,0.0
Exchange,96,PAttn,0.09190288186073303,0.21545939147472382,result_long_term_forecast.txt,2.0,1.0,PatchTST,0.0918,0.2156,0.00010288186073302563,-0.00014060852527619794
Exchange,96,iTransformer,0.0949,0.221,results_23-01.md,3.0,5.0,PatchTST,0.0918,0.2156,0.0030999999999999917,0.005399999999999988
Exchange,96,WPMixer,0.09718194603919983,0.21765004098415375,result_long_term_forecast.txt,4.0,3.0,PatchTST,0.0918,0.2156,0.0053819460391998225,0.0020500409841537337
Exchange,96,TiDE,0.0987,0.2228,results_23-01.md,5.0,7.0,PatchTST,0.0918,0.2156,0.0068999999999999895,0.007199999999999984
Exchange,96,DLinear,0.099,0.235,results_23-01.md,6.0,9.0,PatchTST,0.0918,0.2156,0.007199999999999998,0.019399999999999973
Exchange,96,PatchFusionBERT_v2,0.0991,0.2209,results_23-01.md,7.0,4.0,PatchTST,0.0918,0.2156,0.007299999999999987,0.005299999999999999
Exchange,96,PatchFusionBERT_v0,0.0997,0.2224,results_23-01.md,8.0,6.0,PatchTST,0.0918,0.2156,0.00789999999999999,0.006799999999999973
Exchange,96,TimeXer,0.105,0.2259,results_23-01.md,9.0,8.0,PatchTST,0.0918,0.2156,0.01319999999999999,0.010299999999999976
Exchange,96,PatchFusionBERT_BERTOnly,0.3683,0.4205,results_23-01.md,10.0,10.0,PatchTST,0.0918,0.2156,0.2765,0.20489999999999997
Exchange,192,PAttn,0.18288829922676086,0.308025062084198,result_long_term_forecast.txt,1.0,1.0,DLinear,0.1867,0.3224,-0.0038117007732391406,-0.014374937915802022
Exchange,192,DLinear,0.1867,0.3224,results_23-01.md,2.0,7.0,DLinear,0.1867,0.3224,0.0,0.0
Exchange,192,PatchFusionBERT_v2,0.1878,0.3108,results_23-01.md,3.0,2.0,DLinear,0.1867,0.3224,0.0010999999999999899,-0.0116
Exchange,192,TimeXer,0.1911,0.3124,results_23-01.md,4.0,4.0,DLinear,0.1867,0.3224,0.004399999999999987,-0.010000000000000009
Exchange,192,PatchTST,0.1913,0.3182,results_23-01.md,5.0,6.0,DLinear,0.1867,0.3224,0.004599999999999993,-0.004200000000000037
Exchange,192,TiDE,0.1925,0.3143,results_23-01.md,6.0,5.0,DLinear,0.1867,0.3224,0.0058,-0.008099999999999996
Exchange,192,WPMixer,0.19261068105697632,0.31147462129592896,result_long_term_forecast.txt,7.0,3.0,DLinear,0.1867,0.3224,0.0059106810569763135,-0.010925378704071065
Exchange,192,iTransformer,0.2138,0.3358,results_23-01.md,8.0,9.0,DLinear,0.1867,0.3224,0.027099999999999985,0.013399999999999967
Exchange,192,PatchFusionBERT_v0,0.2184,0.334,results_23-01.md,9.0,8.0,DLinear,0.1867,0.3224,0.031700000000000006,0.0116
Exchange,192,PatchFusionBERT_BERTOnly,0.5349,0.5258,results_23-01.md,10.0,10.0,DLinear,0.1867,0.3224,0.34820000000000007,0.20340000000000003
Exchange,336,PatchTST,0.3139,0.4092,results_23-01.md,1.0,1.0,PatchTST,0.3139,0.4092,0.0,0.0
Exchange,336,PatchFusionBERT_v2,0.3381,0.4223,results_23-01.md,2.0,2.0,PatchTST,0.3139,0.4092,0.0242,0.0131
Exchange,336,TiDE,0.3422,0.4261,results_23-01.md,3.0,3.0,PatchTST,0.3139,0.4092,0.028299999999999992,0.01689999999999997
Exchange,336,WPMixer,0.3500956594944,0.42700254917144775,result_long_term_forecast.txt,4.0,4.0,PatchTST,0.3139,0.4092,0.03619565949440001,0.017802549171447746
Exchange,336,PAttn,0.35127851366996765,0.4308032691478729,result_long_term_forecast.txt,5.0,5.0,PatchTST,0.3139,0.4092,0.03737851366996764,0.021603269147872917
Exchange,336,PatchFusionBERT_v0,0.3533,0.434,results_23-01.md,6.0,6.0,PatchTST,0.3139,0.4092,0.03939999999999999,0.02479999999999999
Exchange,336,DLinear,0.3744,0.4681,results_23-01.md,7.0,9.0,PatchTST,0.3139,0.4092,0.0605,0.05890000000000001
Exchange,336,iTransformer,0.375,0.4523,results_23-01.md,8.0,8.0,PatchTST,0.3139,0.4092,0.06109999999999999,0.04309999999999997
Exchange,336,TimeXer,0.3792,0.4486,results_23-01.md,9.0,7.0,PatchTST,0.3139,0.4092,0.06529999999999997,0.03939999999999999
Exchange,336,PatchFusionBERT_BERTOnly,0.8461,0.6955,results_23-01.md,10.0,10.0,PatchTST,0.3139,0.4092,0.5322,0.2863
Illness,24,PatchFusionBERT_v0,1.9868,0.8904,results_23-01.md,1.0,1.0,PatchFusionBERT_v0,1.9868,0.8904,0.0,0.0
Illness,24,DLinear,2.1742,1.0148,results_23-01.md,2.0,4.0,PatchFusionBERT_v0,1.9868,0.8904,0.1874,0.12439999999999996
Illness,24,iTransformer,2.2531,1.0106,results_23-01.md,3.0,3.0,PatchFusionBERT_v0,1.9868,0.8904,0.2663,0.12019999999999997
Illness,24,PAttn,2.2537930011749268,1.017825722694397,result_long_term_forecast.txt,4.0,5.0,PatchFusionBERT_v0,1.9868,0.8904,0.26699300117492686,0.127425722694397
Illness,24,PatchFusionBERT_v2,2.2976,1.0194,results_23-01.md,5.0,6.0,PatchFusionBERT_v0,1.9868,0.8904,0.3108000000000002,0.12900000000000011
Illness,24,TimeXer,2.2997,0.9924,results_23-01.md,6.0,2.0,PatchFusionBERT_v0,1.9868,0.8904,0.3129000000000002,0.10199999999999998
Illness,24,PatchTST,2.3322,1.0366,results_23-01.md,7.0,7.0,PatchFusionBERT_v0,1.9868,0.8904,0.34539999999999993,0.1462
Illness,24,WPMixer,2.385226249694824,1.0589250326156616,result_long_term_forecast.txt,8.0,8.0,PatchFusionBERT_v0,1.9868,0.8904,0.3984262496948243,0.16852503261566165
Illness,24,TiDE,3.2519,1.2711,results_23-01.md,9.0,10.0,PatchFusionBERT_v0,1.9868,0.8904,1.2651000000000001,0.3806999999999999
Illness,24,PatchFusionBERT_BERTOnly,3.6351,1.2598,results_23-01.md,10.0,9.0,PatchFusionBERT_v0,1.9868,0.8904,1.6483,0.36940000000000006
Illness,48,PatchFusionBERT_v0,1.8855,0.8946,results_23-01.md,1.0,2.0,PatchFusionBERT_v0,1.8855,0.8946,0.0,0.0
Illness,48,PatchTST,1.9039,0.8919,results_23-01.md,2.0,1.0,PatchFusionBERT_v0,1.8855,0.8946,0.018399999999999972,-0.0026999999999999247
Illness,48,PAttn,1.932939887046814,0.912339985370636,result_long_term_forecast.txt,3.0,3.0,PatchFusionBERT_v0,1.8855,0.8946,0.04743988704681401,0.017739985370636036
Illness,48,PatchFusionBERT_v2,2.0007,0.9253,results_23-01.md,4.0,4.0,PatchFusionBERT_v0,1.8855,0.8946,0.11520000000000019,0.03070000000000006
Illness,48,TimeXer,2.1596,0.9592,results_23-01.md,5.0,5.0,PatchFusionBERT_v0,1.8855,0.8946,0.27410000000000023,0.0646000000000001
Illness,48,iTransformer,2.2221,1.0152,results_23-01.md,6.0,6.0,PatchFusionBERT_v0,1.8855,0.8946,0.33660000000000023,0.12060000000000015
Illness,48,DLinear,2.2889,1.0757,results_23-01.md,7.0,8.0,PatchFusionBERT_v0,1.8855,0.8946,0.4034,0.18110000000000015
Illness,48,WPMixer,2.3188672065734863,1.063295841217041,result_long_term_forecast.txt,8.0,7.0,PatchFusionBERT_v0,1.8855,0.8946,0.4333672065734864,0.16869584121704106
Illness,48,TiDE,3.5216,1.3425,results_23-01.md,9.0,10.0,PatchFusionBERT_v0,1.8855,0.8946,1.6360999999999999,0.4479000000000001
Illness,48,PatchFusionBERT_BERTOnly,3.7898,1.2888,results_23-01.md,10.0,9.0,PatchFusionBERT_v0,1.8855,0.8946,1.9043,0.3942
Illness,60,PatchFusionBERT_v0,1.993,0.9314,results_23-01.md,1.0,1.0,PatchFusionBERT_v0,1.993,0.9314,0.0,0.0
Illness,60,PatchTST,2.109,0.9999,results_23-01.md,2.0,2.0,PatchFusionBERT_v0,1.993,0.9314,0.11599999999999988,0.0685
Illness,60,PAttn,2.194166660308838,1.0309721231460571,result_long_term_forecast.txt,3.0,3.0,PatchFusionBERT_v0,1.993,0.9314,0.20116666030883779,0.09957212314605712
Illness,60,WPMixer,2.463890552520752,1.1052602529525757,result_long_term_forecast.txt,4.0,5.0,PatchFusionBERT_v0,1.993,0.9314,0.47089055252075185,0.17386025295257568
Illness,60,iTransformer,2.4974,1.0961,results_23-01.md,5.0,4.0,PatchFusionBERT_v0,1.993,0.9314,0.5043999999999997,0.16470000000000007
Illness,60,DLinear,2.5676,1.1649,results_23-01.md,6.0,8.0,PatchFusionBERT_v0,1.993,0.9314,0.5746,0.23350000000000004
Illness,60,TimeXer,2.844,1.1209,results_23-01.md,7.0,6.0,PatchFusionBERT_v0,1.993,0.9314,0.8509999999999998,0.1895
Illness,60,PatchFusionBERT_v2,2.948,1.1585,results_23-01.md,8.0,7.0,PatchFusionBERT_v0,1.993,0.9314,0.9549999999999998,0.22710000000000008
Illness,60,TiDE,3.8371,1.3567,results_23-01.md,9.0,9.0,PatchFusionBERT_v0,1.993,0.9314,1.8440999999999999,0.4253
Illness,60,PatchFusionBERT_BERTOnly,4.7495,1.553,results_23-01.md,10.0,10.0,PatchFusionBERT_v0,1.993,0.9314,2.7565,0.6215999999999999
Weather,96,WPMixer,0.14449982345104218,0.19479890167713165,result_long_term_forecast.txt,1.0,1.0,PatchFusionBERT_v0,0.1496,0.2007,-0.0051001765489578355,-0.005901098322868337
Weather,96,PatchFusionBERT_v0,0.1496,0.2007,results_23-01.md,2.0,4.0,PatchFusionBERT_v0,0.1496,0.2007,0.0,0.0
Weather,96,PAttn,0.15029042959213257,0.19896654784679413,result_long_term_forecast.txt,3.0,2.0,PatchFusionBERT_v0,0.1496,0.2007,0.0006904295921325576,-0.001733452153205861
Weather,96,TimeXer,0.1508,0.2024,results_23-01.md,4.0,6.0,PatchFusionBERT_v0,0.1496,0.2007,0.0011999999999999789,0.001700000000000007
Weather,96,PatchFusionBERT_v2,0.1522,0.2,results_23-01.md,5.0,3.0,PatchFusionBERT_v0,0.1496,0.2007,0.002599999999999991,-0.0006999999999999784
Weather,96,PatchFusionBERT_BERTOnly,0.1525,0.2132,results_23-01.md,6.0,8.0,PatchFusionBERT_v0,0.1496,0.2007,0.002899999999999986,0.012500000000000011
Weather,96,PatchTST,0.1526,0.2019,results_23-01.md,7.0,5.0,PatchFusionBERT_v0,0.1496,0.2007,0.0030000000000000027,0.0012000000000000066
Weather,96,iTransformer,0.1603,0.2096,results_23-01.md,8.0,7.0,PatchFusionBERT_v0,0.1496,0.2007,0.010699999999999987,0.008900000000000019
Weather,96,DLinear,0.1743,0.2339,results_23-01.md,9.0,10.0,PatchFusionBERT_v0,0.1496,0.2007,0.0247,0.03320000000000001
Weather,96,TiDE,0.1764,0.2267,results_23-01.md,10.0,9.0,PatchFusionBERT_v0,0.1496,0.2007,0.02679999999999999,0.026000000000000023
Weather,192,WPMixer,0.1864428073167801,0.23582673072814941,result_long_term_forecast.txt,1.0,1.0,PatchFusionBERT_v0,0.1936,0.2387,-0.007157192683219904,-0.0028732692718505815
Weather,192,PatchFusionBERT_v0,0.1936,0.2387,results_23-01.md,2.0,2.0,PatchFusionBERT_v0,0.1936,0.2387,0.0,0.0
Weather,192,PatchFusionBERT_v2,0.1938,0.2394,results_23-01.md,3.0,3.0,PatchFusionBERT_v0,0.1936,0.2387,0.00020000000000000573,0.0007000000000000062
Weather,192,TimeXer,0.1942,0.2409,results_23-01.md,4.0,5.0,PatchFusionBERT_v0,0.1936,0.2387,0.0006000000000000172,0.0022000000000000075
Weather,192,PAttn,0.19426733255386353,0.24088723957538605,result_long_term_forecast.txt,5.0,4.0,PatchFusionBERT_v0,0.1936,0.2387,0.0006673325538635311,0.002187239575386052
Weather,192,PatchTST,0.1962,0.2429,results_23-01.md,6.0,6.0,PatchFusionBERT_v0,0.1936,0.2387,0.002600000000000019,0.004200000000000009
Weather,192,PatchFusionBERT_BERTOnly,0.1975,0.2658,results_23-01.md,7.0,9.0,PatchFusionBERT_v0,0.1936,0.2387,0.0039000000000000146,0.027099999999999985
Weather,192,iTransformer,0.2031,0.2487,results_23-01.md,8.0,7.0,PatchFusionBERT_v0,0.1936,0.2387,0.009500000000000008,0.010000000000000009
Weather,192,DLinear,0.2181,0.2788,results_23-01.md,9.0,10.0,PatchFusionBERT_v0,0.1936,0.2387,0.024499999999999994,0.0401
Weather,192,TiDE,0.2185,0.2612,results_23-01.md,10.0,8.0,PatchFusionBERT_v0,0.1936,0.2387,0.024900000000000005,0.022499999999999992
Weather,336,WPMixer,0.23891547322273254,0.27683398127555847,result_long_term_forecast.txt,1.0,1.0,PatchFusionBERT_v2,0.2446,0.2802,-0.005684526777267468,-0.003366018724441533
Weather,336,PatchFusionBERT_v2,0.2446,0.2802,results_23-01.md,2.0,2.0,PatchFusionBERT_v2,0.2446,0.2802,0.0,0.0
Weather,336,TimeXer,0.2453,0.2811,results_23-01.md,3.0,3.0,PatchFusionBERT_v2,0.2446,0.2802,0.0006999999999999784,0.0009000000000000119
Weather,336,PatchFusionBERT_BERTOnly,0.2467,0.2936,results_23-01.md,4.0,8.0,PatchFusionBERT_v2,0.2446,0.2802,0.0020999999999999908,0.013400000000000023
Weather,336,PatchTST,0.2479,0.2814,results_23-01.md,5.0,4.0,PatchFusionBERT_v2,0.2446,0.2802,0.0032999999999999974,0.0011999999999999789
Weather,336,PAttn,0.24959240853786469,0.2830561697483063,result_long_term_forecast.txt,6.0,5.0,PatchFusionBERT_v2,0.2446,0.2802,0.004992408537864673,0.00285616974830627
Weather,336,PatchFusionBERT_v0,0.2517,0.2839,results_23-01.md,7.0,6.0,PatchFusionBERT_v2,0.2446,0.2802,0.0070999999999999674,0.003699999999999981
Weather,336,iTransformer,0.2527,0.2867,results_23-01.md,8.0,7.0,PatchFusionBERT_v2,0.2446,0.2802,0.008099999999999968,0.006500000000000006
Weather,336,DLinear,0.2624,0.3148,results_23-01.md,9.0,10.0,PatchFusionBERT_v2,0.2446,0.2802,0.01780000000000001,0.03460000000000002
Weather,336,TiDE,0.2659,0.2957,results_23-01.md,10.0,9.0,PatchFusionBERT_v2,0.2446,0.2802,0.021300000000000013,0.015500000000000014
